date,place,number
2021-12-19,上海,16
2021-12-19,广西,14
2021-12-19,广东,8
2021-12-19,内蒙古,7
2021-12-19,甘肃,7
2021-12-19,北京,3
2021-12-19,浙江,2
2021-12-19,云南,2
2021-12-19,天津,1
2021-12-19,辽宁,1
2021-12-19,江苏,1
2021-12-19,湖南,1
2021-12-19,四川,1
2021-12-19,陕西,1
2021-12-19,广东,2
2021-12-19,辽宁,1
2021-12-19,浙江,1
2021-12-19,四川,1
2021-12-19,陕西,24
2021-12-19,西安市,21
2021-12-19,延安市,2
2021-12-19,咸阳市,1
2021-12-19,浙江,10
2021-12-19,绍兴市,9
2021-12-19,杭州市,1
2021-12-19,广东,2
2021-12-19,北京,1
2021-12-18,上海,14
2021-12-18,广西,7
2021-12-18,广东,5
2021-12-18,辽宁,3
2021-12-18,云南,3
2021-12-18,甘肃,3
2021-12-18,福建,2
2021-12-18,天津,1
2021-12-18,四川,1
2021-12-18,天津,1
2021-12-18,四川,1
2021-12-18,浙江,31
2021-12-18,绍兴市,25
2021-12-18,宁波市,6
2021-12-18,陕西,10
2021-12-18,广东,3
2021-12-18,东莞市,2
2021-12-18,广州市,1
2021-12-17,上海,12
2021-12-17,广西,10
2021-12-17,广东,5
2021-12-17,天津,2
2021-12-17,湖南,2
2021-12-17,北京,1
2021-12-17,吉林,1
2021-12-17,福建,1
2021-12-17,山东,1
2021-12-17,云南,1
2021-12-17,湖南,2
2021-12-17,广东,1
2021-12-17,浙江,77
2021-12-17,绍兴市,69
2021-12-17,杭州市,4
2021-12-17,宁波市,4
2021-12-17,陕西,7
2021-12-17,广东,2
2021-12-17,内蒙古,1
2021-12-17,上海,1
2021-12-17,福建,1
2021-12-16,广西,7
2021-12-16,云南,5
2021-12-16,广东,4
2021-12-16,上海,3
2021-12-16,北京,1
2021-12-16,浙江,44
2021-12-16,绍兴市,40
2021-12-16,杭州市,2
2021-12-16,宁波市,2
2021-12-16,陕西,5
2021-12-16,西安市,4
2021-12-16,延安市,1
2021-12-16,内蒙古,4
2021-12-16,广东,2
2021-12-16,广州市,1
2021-12-16,东莞市,1
2021-12-16,四川,1
2021-12-15,福建,3
2021-12-15,上海,2
2021-12-15,湖北,1
2021-12-15,云南,1
2021-12-15,陕西,1
2021-12-15,浙江,56
2021-12-15,绍兴市,48
2021-12-15,宁波市,5
2021-12-15,杭州市,3
2021-12-15,广东,6
2021-12-15,陕西,4
2021-12-15,内蒙古,2
2021-12-15,安徽,1
2021-12-14,陕西,4
2021-12-14,上海,3
2021-12-14,云南,3
2021-12-14,广东,2
2021-12-14,广西,2
2021-12-14,吉林,1
2021-12-14,浙江,1
2021-12-14,山东,1
2021-12-14,浙江,45
2021-12-14,绍兴市,39
2021-12-14,宁波市,6
2021-12-14,内蒙古,3
2021-12-14,广东,2
2021-12-13,广西,7
2021-12-13,上海,6
2021-12-13,广东,4
2021-12-13,云南,3
2021-12-13,福建,2
2021-12-13,浙江,1
2021-12-13,河南,1
2021-12-13,湖南,1
2021-12-13,河南,1
2021-12-13,广西,1
2021-12-13,浙江,44
2021-12-13,绍兴市,38
2021-12-13,宁波市,4
2021-12-13,杭州市,2
2021-12-13,内蒙古,5
2021-12-13,黑龙江,1
2021-12-13,陕西,1
2021-12-12,上海,5
2021-12-12,广东,5
2021-12-12,广西,4
2021-12-12,北京,2
2021-12-12,云南,2
2021-12-12,吉林,1
2021-12-12,江苏,1
2021-12-12,浙江,1
2021-12-12,浙江,74
2021-12-12,绍兴市,55
2021-12-12,宁波市,14
2021-12-12,杭州市,5
2021-12-12,内蒙古,5
2021-12-12,陕西,1
2021-12-11,上海,8
2021-12-11,广西,8
2021-12-11,山东,2
2021-12-11,四川,2
2021-12-11,云南,2
2021-12-11,辽宁,1
2021-12-11,福建,1
2021-12-11,广东,1
2021-12-11,陕西,1
2021-12-11,浙江,38
2021-12-11,绍兴市,22
2021-12-11,杭州市,8
2021-12-11,宁波市,8
2021-12-11,内蒙古,10
2021-12-11,黑龙江,1
2021-12-10,广西,15
2021-12-10,山东,7
2021-12-10,上海,6
2021-12-10,四川,5
2021-12-10,陕西,2
2021-12-10,云南,1
2021-12-10,广西,4
2021-12-10,四川,4
2021-12-10,浙江,35
2021-12-10,绍兴市,17
2021-12-10,宁波市,14
2021-12-10,杭州市,4
2021-12-10,内蒙古,15
2021-12-10,云南,1
2021-12-09,广西,7
2021-12-09,四川,6
2021-12-09,福建,3
2021-12-09,山东,3
2021-12-09,陕西,2
2021-12-09,北京,1
2021-12-09,辽宁,1
2021-12-09,上海,1
2021-12-09,浙江,1
2021-12-09,云南,1
2021-12-09,四川,5
2021-12-09,浙江,1
2021-12-09,内蒙古,24
2021-12-09,浙江,5
2021-12-09,绍兴市,3
2021-12-09,宁波市,2
2021-12-09,云南,5
2021-12-09,黑龙江,2
2021-12-09,陕西,1
2021-12-08,广西,9
2021-12-08,湖北,4
2021-12-08,广东,3
2021-12-08,上海,2
2021-12-08,云南,2
2021-12-08,天津,1
2021-12-08,福建,1
2021-12-08,陕西,1
2021-12-08,内蒙古,42
2021-12-08,浙江,12
2021-12-08,绍兴市,9
2021-12-08,宁波市,3
2021-12-08,黑龙江,4
2021-12-08,江苏,1
2021-12-08,云南,1
2021-12-07,上海,8
2021-12-07,广西,8
2021-12-07,福建,3
2021-12-07,广东,3
2021-12-07,四川,3
2021-12-07,云南,3
2021-12-07,天津,1
2021-12-07,陕西,1
2021-12-07,四川,3
2021-12-07,广西,1
2021-12-07,内蒙古,34
2021-12-07,浙江,8
2021-12-07,宁波市,5
2021-12-07,杭州市,2
2021-12-07,绍兴市,1
2021-12-07,黑龙江,1
2021-12-07,上海,1
2021-12-06,广西,13
2021-12-06,上海,5
2021-12-06,四川,5
2021-12-06,云南,5
2021-12-06,广东,3
2021-12-06,北京,1
2021-12-06,山东,1
2021-12-06,陕西,1
2021-12-06,四川,5
2021-12-06,广东,1
2021-12-06,陕西,1
2021-12-06,内蒙古,55
2021-12-06,黑龙江,2
2021-12-06,云南,2
2021-12-06,浙江,1
2021-12-05,广西,9
2021-12-05,上海,5
2021-12-05,云南,4
2021-12-05,陕西,2
2021-12-05,福建,1
2021-12-05,山东,1
2021-12-05,广东,1
2021-12-05,内蒙古,28
2021-12-05,黑龙江,7
2021-12-05,云南,2
2021-12-05,河北,1
2021-12-04,云南,7
2021-12-04,上海,4
2021-12-04,天津,2
2021-12-04,辽宁,2
2021-12-04,广东,1
2021-12-04,广西,1
2021-12-04,广东,1
2021-12-04,云南,1
2021-12-04,内蒙古,30
2021-12-04,黑龙江,10
2021-12-04,云南,2
2021-12-03,上海,6
2021-12-03,广东,3
2021-12-03,广西,3
2021-12-03,云南,3
2021-12-03,内蒙古,61
2021-12-03,黑龙江,5
2021-12-03,河北,4
2021-12-03,云南,4
2021-12-03,广东,1
2021-12-02,上海,6
2021-12-02,广西,4
2021-12-02,广东,3
2021-12-02,北京,2
2021-12-02,天津,1
2021-12-02,内蒙古,56
2021-12-02,黑龙江,10
2021-12-02,云南,10
2021-12-02,上海,2
2021-12-02,北京,1
2021-12-02,陕西,1
2021-12-01,广西,8
2021-12-01,上海,3
2021-12-01,云南,3
2021-12-01,吉林,2
2021-12-01,天津,1
2021-12-01,广东,1
2021-12-01,四川,1
2021-12-01,陕西,1
2021-11-30,云南,8
2021-11-30,四川,5
2021-11-30,广东,4
2021-11-30,上海,3
2021-11-30,福建,1
2021-11-30,广西,1
2021-11-29,广东,9
2021-11-29,广西,4
2021-11-29,云南,2
2021-11-29,天津,1
2021-11-29,福建,1
2021-11-29,山东,1
2021-11-29,呼伦贝尔市,19
2021-11-29,通辽市,2
2021-11-28,上海,6
2021-11-28,云南,5
2021-11-28,广东,4
2021-11-28,山东,3
2021-11-28,山西,1
2021-11-28,广西,1
2021-11-28,内蒙古,20
2021-11-28,云南,1
2021-11-27,云南,6
2021-11-27,上海,5
2021-11-27,广东,3
2021-11-27,山东,2
2021-11-27,广西,2
2021-11-27,四川,2
2021-11-27,云南,2
2021-11-27,辽宁,1
2021-11-26,上海,5
2021-11-26,广东,3
2021-11-26,云南,3
2021-11-26,山东,2
2021-11-26,湖南,2
2021-11-26,广西,2
2021-11-26,天津,1
2021-11-26,辽宁,1
2021-11-26,河南,1
2021-11-26,湖南,2
2021-11-26,河南,1
2021-11-26,广西,1
2021-11-26,辽宁,3
2021-11-26,云南,2
2021-11-25,广东,6
2021-11-25,天津,1
2021-11-25,上海,1
2021-11-25,广西,1
2021-11-25,上海,3
2021-11-25,浦东新区,2
2021-11-25,青浦区,1
2021-11-25,辽宁,1
2021-11-24,上海,4
2021-11-24,广东,4
2021-11-24,广西,4
2021-11-24,云南,3
2021-11-24,山东,2
2021-11-24,陕西,2
2021-11-24,吉林,1
2021-11-24,福建,1
2021-11-24,四川,1
2021-11-23,上海,5
2021-11-23,广西,5
2021-11-23,云南,3
2021-11-23,广东,2
2021-11-23,四川,2
2021-11-23,辽宁,1
2021-11-23,辽宁,2
2021-11-23,云南,2
2021-11-22,广东,5
2021-11-22,云南,3
2021-11-22,上海,2
2021-11-22,广西,2
2021-11-22,四川,1
2021-11-22,陕西,1
2021-11-22,广东,2
2021-11-22,四川,1
2021-11-22,辽宁,4
2021-11-22,云南,1
2021-11-21,山东,7
2021-11-21,广西,6
2021-11-21,上海,5
2021-11-21,云南,4
2021-11-21,河南,2
2021-11-21,广东,2
2021-11-21,四川,2
2021-11-21,辽宁,1
2021-11-21,浙江,1
2021-11-21,陕西,1
2021-11-21,河南,2
2021-11-21,辽宁,1
2021-11-21,浙江,1
2021-11-21,广西,1
2021-11-21,辽宁,5
2021-11-21,云南,2
2021-11-20,上海,3
2021-11-20,广东,3
2021-11-20,江苏,2
2021-11-20,云南,2
2021-11-20,北京,1
2021-11-20,天津,1
2021-11-20,广西,1
2021-11-20,辽宁,3
2021-11-20,云南,1
2021-11-19,上海,6
2021-11-19,广西,5
2021-11-19,山东,4
2021-11-19,广东,2
2021-11-19,云南,2
2021-11-19,福建,1
2021-11-19,辽宁,2
2021-11-19,吉林,1
2021-11-18,上海,7
2021-11-18,广东,3
2021-11-18,山东,2
2021-11-18,辽宁,1
2021-11-18,广西,1
2021-11-18,四川,1
2021-11-18,云南,1
2021-11-18,广东,1
2021-11-18,四川,1
2021-11-18,辽宁,7
2021-11-18,河南,1
2021-11-17,天津,8
2021-11-17,上海,6
2021-11-17,广东,4
2021-11-17,广西,4
2021-11-17,北京,3
2021-11-17,四川,2
2021-11-17,河南,1
2021-11-17,云南,1
2021-11-17,广东,3
2021-11-17,四川,2
2021-11-17,广西,1
2021-11-17,辽宁,5
2021-11-17,云南,1
2021-11-16,江苏,14
2021-11-16,云南,4
2021-11-16,北京,1
2021-11-16,天津,1
2021-11-16,上海,1
2021-11-16,广东,1
2021-11-16,陕西,1
2021-11-15,云南,5
2021-11-15,上海,2
2021-11-15,广东,2
2021-11-15,浙江,1
2021-11-15,四川,1
2021-11-15,浙江,1
2021-11-15,四川,1
2021-11-15,辽宁,7
2021-11-15,黑龙江,2
2021-11-15,北京,1
2021-11-15,云南,1
2021-11-14,上海,5
2021-11-14,广东,4
2021-11-14,云南,4
2021-11-14,山东,3
2021-11-14,福建,2
2021-11-14,山西,1
2021-11-14,陕西,1
2021-11-14,辽宁,25
2021-11-14,河南,3
2021-11-14,周口市,2
2021-11-14,郑州市,1
2021-11-14,黑龙江,2
2021-11-14,河北,1
2021-11-14,云南,1
2021-11-14,辽宁,10
2021-11-14,河南,2
2021-11-13,天津,5
2021-11-13,上海,5
2021-11-13,山东,2
2021-11-13,四川,2
2021-11-13,云南,2
2021-11-13,辽宁,1
2021-11-13,广东,1
2021-11-13,广西,1
2021-11-13,辽宁,1
2021-11-13,四川,1
2021-11-13,辽宁,60
2021-11-13,河北,3
2021-11-13,黑龙江,2
2021-11-13,江西,2
2021-11-13,云南,2
2021-11-13,四川,1
2021-11-12,云南,6
2021-11-12,上海,4
2021-11-12,天津,3
2021-11-12,北京,1
2021-11-12,浙江,1
2021-11-12,福建,1
2021-11-12,广东,1
2021-11-12,广西,1
2021-11-12,辽宁,40
2021-11-12,河北,4
2021-11-12,内蒙古,4
2021-11-12,江西,3
2021-11-12,黑龙江,2
2021-11-12,北京,1
2021-11-12,河南,1
2021-11-12,四川,1
2021-11-12,云南,1
2021-11-12,辽宁,29
2021-11-12,内蒙古,3
2021-11-11,上海,6
2021-11-11,云南,5
2021-11-11,黑龙江,2
2021-11-11,广东,2
2021-11-11,内蒙古,1
2021-11-11,浙江,1
2021-11-11,福建,1
2021-11-11,广西,1
2021-11-11,辽宁,52
2021-11-11,河南,12
2021-11-11,郑州市,6
2021-11-11,周口市,6
2021-11-11,北京,6
2021-11-11,海淀区,4
2021-11-11,朝阳区,2
2021-11-11,黑龙江,5
2021-11-11,河北,2
2021-11-11,江西,1
2021-11-11,云南,1
2021-11-11,河南,11
2021-11-11,辽宁,5
2021-11-10,云南,6
2021-11-10,上海,4
2021-11-10,湖北,2
2021-11-10,天津,1
2021-11-10,广东,1
2021-11-10,广西,1
2021-11-10,辽宁,21
2021-11-10,河南,13
2021-11-10,郑州市,8
2021-11-10,周口市,5
2021-11-10,黑龙江,7
2021-11-10,河北,3
2021-11-10,云南,2
2021-11-10,吉林,1
2021-11-10,河南,9
2021-11-10,辽宁,6
2021-11-09,上海,3
2021-11-09,山东,3
2021-11-09,广西,3
2021-11-09,北京,1
2021-11-09,辽宁,1
2021-11-09,吉林,1
2021-11-09,河南,1
2021-11-09,广东,1
2021-11-09,云南,1
2021-11-09,河南,1
2021-11-09,广西,1
2021-11-09,辽宁,17
2021-11-09,河南,8
2021-11-09,郑州市,7
2021-11-09,周口市,1
2021-11-09,河北,5
2021-11-09,黑龙江,4
2021-11-09,江西,2
2021-11-09,云南,2
2021-11-09,四川,1
2021-11-08,广东,4
2021-11-08,广西,4
2021-11-08,天津,2
2021-11-08,上海,2
2021-11-08,四川,2
2021-11-08,云南,2
2021-11-08,北京,1
2021-11-08,福建,1
2021-11-08,陕西,1
2021-11-08,四川,2
2021-11-08,广东,1
2021-11-08,广西,1
2021-11-08,河北,12
2021-11-08,辛集市,11
2021-11-08,石家庄市,1
2021-11-08,黑龙江,8
2021-11-08,黑河市,7
2021-11-08,哈尔滨市,1
2021-11-08,四川,7
2021-11-08,辽宁,5
2021-11-08,甘肃,4
2021-11-08,兰州市,3
2021-11-08,天水市,1
2021-11-08,江西,3
2021-11-08,河南,2
2021-11-08,云南,2
2021-11-08,甘肃,3
2021-11-08,河南,2
2021-11-08,四川,2
2021-11-08,黑龙江,1
2021-11-07,上海,6
2021-11-07,云南,6
2021-11-07,山西,3
2021-11-07,广东,3
2021-11-07,内蒙古,1
2021-11-07,浙江,1
2021-11-07,福建,1
2021-11-07,山东,1
2021-11-07,广西,1
2021-11-07,四川,1
2021-11-07,浙江,1
2021-11-07,广东,1
2021-11-07,四川,1
2021-11-07,辽宁,20
2021-11-07,河南,18
2021-11-07,郑州市,16
2021-11-07,周口市,2
2021-11-07,河北,8
2021-11-07,黑龙江,6
2021-11-07,四川,4
2021-11-07,云南,3
2021-11-07,甘肃,2
2021-11-07,北京,1
2021-11-07,内蒙古,1
2021-11-07,江西,1
2021-11-07,重庆,1
2021-11-07,河南,14
2021-11-07,辽宁,2
2021-11-07,四川,2
2021-11-06,云南,9
2021-11-06,上海,3
2021-11-06,广东,3
2021-11-06,辽宁,2
2021-11-06,陕西,2
2021-11-06,北京,1
2021-11-06,福建,1
2021-11-06,山东,1
2021-11-06,河南,1
2021-11-06,广西,1
2021-11-06,辽宁,1
2021-11-06,福建,1
2021-11-06,广东,1
2021-11-06,河北,21
2021-11-06,辛集市,18
2021-11-06,石家庄市,3
2021-11-06,辽宁,9
2021-11-06,黑龙江,6
2021-11-06,四川,4
2021-11-06,河南,3
2021-11-06,郑州市,2
2021-11-06,周口市,1
2021-11-06,云南,3
2021-11-06,甘肃,2
2021-11-06,江西,1
2021-11-06,宁夏,1
2021-11-06,四川,2
2021-11-06,河南,1
2021-11-05,上海,3
2021-11-05,福建,3
2021-11-05,广东,3
2021-11-05,四川,2
2021-11-05,云南,2
2021-11-05,天津,1
2021-11-05,陕西,1
2021-11-05,四川,2
2021-11-05,天津,1
2021-11-05,黑龙江,16
2021-11-05,河北,9
2021-11-05,辛集市,8
2021-11-05,石家庄市,1
2021-11-05,辽宁,3
2021-11-05,河南,3
2021-11-05,四川,3
2021-11-05,云南,2
2021-11-05,甘肃,2
2021-11-05,内蒙古,1
2021-11-05,江西,1
2021-11-04,上海,3
2021-11-04,广西,3
2021-11-04,天津,1
2021-11-04,辽宁,1
2021-11-04,广东,1
2021-11-04,云南,1
2021-11-04,黑龙江,28
2021-11-04,河北,10
2021-11-04,石家庄市,9
2021-11-04,辛集市,1
2021-11-04,辽宁,8
2021-11-04,河南,5
2021-11-04,甘肃,5
2021-11-04,兰州市,4
2021-11-04,天水市,1
2021-11-04,宁夏,4
2021-11-04,内蒙古,2
2021-11-04,江西,2
2021-11-04,四川,2
2021-11-04,贵州,1
2021-11-04,云南,1
2021-11-03,广西,5
2021-11-03,上海,3
2021-11-03,广东,3
2021-11-03,云南,3
2021-11-03,吉林,2
2021-11-03,山东,1
2021-11-03,黑龙江,45
2021-11-03,黑河市,44
2021-11-03,哈尔滨市,1
2021-11-03,河北,23
2021-11-03,石家庄市,20
2021-11-03,辛集市,3
2021-11-03,宁夏,4
2021-11-03,江苏,3
2021-11-03,河南,3
2021-11-03,郑州市,2
2021-11-03,周口市,1
2021-11-03,内蒙古,2
2021-11-03,四川,2
2021-11-03,甘肃,2
2021-11-03,兰州市,1
2021-11-03,天水市,1
2021-11-03,山东,1
2021-11-03,重庆,1
2021-11-03,青海,1
2021-11-03,山东,1
2021-11-03,四川,1
2021-11-02,上海,5
2021-11-02,广东,4
2021-11-02,云南,2
2021-11-02,辽宁,1
2021-11-02,浙江,1
2021-11-02,山东,1
2021-11-02,广西,1
2021-11-02,四川,1
2021-11-02,辽宁,1
2021-11-02,浙江,1
2021-11-02,四川,1
2021-11-02,黑龙江,35
2021-11-02,河北,14
2021-11-02,甘肃,14
2021-11-02,天水市,13
2021-11-02,兰州市,1
2021-11-02,北京,9
2021-11-02,内蒙古,6
2021-11-02,重庆,4
2021-11-02,九龙坡区,2
2021-11-02,巴南区,1
2021-11-02,长寿区,1
2021-11-02,青海,4
2021-11-02,江西,2
2021-11-02,云南,2
2021-11-02,宁夏,2
2021-11-02,四川,1
2021-11-01,上海,5
2021-11-01,浙江,3
2021-11-01,福建,2
2021-11-01,广东,2
2021-11-01,云南,2
2021-11-01,北京,1
2021-11-01,天津,1
2021-11-01,广西,1
2021-11-01,浙江,3
2021-11-01,天津,1
2021-11-01,黑龙江,27
2021-11-01,黑河市,26
2021-11-01,哈尔滨市,1
2021-11-01,河北,8
2021-11-01,石家庄市,4
2021-11-01,辛集市,4
2021-11-01,甘肃,8
2021-11-01,山东,3
2021-11-01,内蒙古,2
2021-11-01,江西,2
2021-11-01,青海,2
2021-11-01,北京,1
2021-11-01,宁夏,1
2021-11-01,山东,3
2021-11-01,江西,2
2021-10-31,上海,9
2021-10-31,浙江,8
2021-10-31,云南,4
2021-10-31,福建,3
2021-10-31,山东,3
2021-10-31,四川,3
2021-10-31,内蒙古,1
2021-10-31,广西,1
2021-10-31,重庆,1
2021-10-31,浙江,8
2021-10-31,四川,2
2021-10-31,福建,1
2021-10-31,广西,1
2021-10-31,黑龙江,27
2021-10-31,黑河市,25
2021-10-31,哈尔滨市,2
2021-10-31,甘肃,10
2021-10-31,兰州市,5
2021-10-31,天水市,5
2021-10-31,河北,9
2021-10-31,石家庄市,7
2021-10-31,保定市,2
2021-10-31,内蒙古,6
2021-10-31,阿拉善盟,5
2021-10-31,锡林郭勒盟,1
2021-10-31,宁夏,3
2021-10-31,浙江,1
2021-10-31,江西,1
2021-10-31,山东,1
2021-10-31,青海,1
2021-10-30,上海,9
2021-10-30,浙江,4
2021-10-30,广西,3
2021-10-30,内蒙古,2
2021-10-30,天津,1
2021-10-30,山东,1
2021-10-30,河南,1
2021-10-30,湖北,1
2021-10-30,广东,1
2021-10-30,浙江,4
2021-10-30,河南,1
2021-10-30,广西,1
2021-10-30,黑龙江,19
2021-10-30,黑河市,18
2021-10-30,哈尔滨市,1
2021-10-30,内蒙古,10
2021-10-30,甘肃,9
2021-10-30,天水市,5
2021-10-30,兰州市,4
2021-10-30,山东,3
2021-10-30,宁夏,3
2021-10-30,云南,2
2021-10-30,北京,1
2021-10-30,江西,1
2021-10-30,山东,3
2021-10-30,黑龙江,1
2021-10-30,宁夏,1
2021-10-29,上海,5
2021-10-29,浙江,4
2021-10-29,北京,2
2021-10-29,内蒙古,2
2021-10-29,湖北,2
2021-10-29,广东,2
2021-10-29,福建,1
2021-10-29,广西,1
2021-10-29,浙江,4
2021-10-29,北京,1
2021-10-29,广东,1
2021-10-29,广西,1
2021-10-29,黑龙江,26
2021-10-29,内蒙古,19
2021-10-29,阿拉善盟,18
2021-10-29,锡林郭勒盟,1
2021-10-29,甘肃,11
2021-10-29,兰州市,5
2021-10-29,天水市,4
2021-10-29,张掖市,2
2021-10-29,北京,2
2021-10-29,宁夏,1
2021-10-28,广东,4
2021-10-28,上海,3
2021-10-28,广西,3
2021-10-28,浙江,2
2021-10-28,云南,2
2021-10-28,北京,1
2021-10-28,内蒙古,1
2021-10-28,浙江,2
2021-10-28,广东,2
2021-10-28,广西,1
2021-10-28,内蒙古,19
2021-10-28,阿拉善盟,18
2021-10-28,锡林郭勒盟,1
2021-10-28,甘肃,12
2021-10-28,兰州市,10
2021-10-28,张掖市,2
2021-10-28,黑龙江,9
2021-10-28,青海,3
2021-10-28,北京,2
2021-10-28,宁夏,2
2021-10-28,云南,1
2021-10-27,浙江,8
2021-10-27,河南,3
2021-10-27,福建,2
2021-10-27,北京,1
2021-10-27,湖北,1
2021-10-27,广西,1
2021-10-27,甘肃,8
2021-10-27,张掖市,4
2021-10-27,兰州市,1
2021-10-27,兰州新区,1
2021-10-27,嘉峪关市,2
2021-10-27,内蒙古,7
2021-10-27,北京,3
2021-10-27,宁夏,2
2021-10-27,黑龙江,1
2021-10-27,山东,1
2021-10-27,四川,1
2021-10-27,北京,1
2021-10-27,四川,1
2021-10-26,上海,2
2021-10-26,广东,2
2021-10-26,天津,1
2021-10-26,辽宁,1
2021-10-26,福建,1
2021-10-26,山东,1
2021-10-26,广西,1
2021-10-26,天津,1
2021-10-26,辽宁,1
2021-10-26,广东,1
2021-10-26,内蒙古,32
2021-10-26,阿拉善盟,31
2021-10-26,锡林郭勒盟,1
2021-10-26,贵州,5
2021-10-26,山东,4
2021-10-26,甘肃,4
2021-10-26,兰州市,3
2021-10-26,陇南市,1
2021-10-26,北京,3
2021-10-26,昌平区,2
2021-10-26,丰台区,1
2021-10-26,宁夏,2
2021-10-26,贵州,5
2021-10-26,北京,1
2021-10-25,广东,4
2021-10-25,上海,2
2021-10-25,河南,2
2021-10-25,广西,2
2021-10-25,北京,1
2021-10-25,福建,1
2021-10-25,山东,1
2021-10-25,四川,1
2021-10-25,河南,2
2021-10-25,广东,1
2021-10-25,四川,1
2021-10-25,内蒙古,16
2021-10-25,阿拉善盟,15
2021-10-25,鄂尔多斯市,1
2021-10-25,甘肃,6
2021-10-25,北京,3
2021-10-25,宁夏,3
2021-10-25,银川市,1
2021-10-25,吴忠市,1
2021-10-25,中卫市,1
2021-10-25,山东,1
2021-10-24,天津,1
2021-10-24,上海,1
2021-10-24,山东,1
2021-10-24,广西,1
2021-10-24,内蒙古,19
2021-10-24,阿拉善盟,18
2021-10-24,锡林郭勒盟,1
2021-10-24,贵州,4
2021-10-24,甘肃,4
2021-10-24,兰州市,3
2021-10-24,嘉峪关市,1
2021-10-24,北京,2
2021-10-24,丰台区,1
2021-10-24,海淀区,1
2021-10-24,河北,2
2021-10-24,湖南,2
2021-10-24,陕西,2
2021-10-24,河北,2
2021-10-24,湖南,2
2021-10-24,贵州,1
2021-10-23,浙江,8
2021-10-23,上海,4
2021-10-23,北京,1
2021-10-23,黑龙江,1
2021-10-23,广东,1
2021-10-23,广西,1
2021-10-23,云南,1
2021-10-23,浙江,8
2021-10-23,广东,1
2021-10-23,内蒙古,7
2021-10-23,呼和浩特市,3
2021-10-23,锡林郭勒盟,2
2021-10-23,阿拉善盟,2
2021-10-23,甘肃,6
2021-10-23,兰州市,5
2021-10-23,张掖市,1
2021-10-23,宁夏,6
2021-10-23,银川市,3
2021-10-23,吴忠市,3
2021-10-23,北京,4
2021-10-23,河北,1
2021-10-23,湖南,1
2021-10-23,陕西,1
2021-10-22,上海,3
2021-10-22,福建,2
2021-10-22,广西,2
2021-10-22,天津,1
2021-10-22,辽宁,1
2021-10-22,山东,1
2021-10-22,广东,1
2021-10-22,云南,1
2021-10-22,天津,1
2021-10-22,广东,1
2021-10-22,甘肃,17
2021-10-22,兰州市,13
2021-10-22,张掖市,2
2021-10-22,嘉峪关市,1
2021-10-22,陇南市,1
2021-10-22,内蒙古,11
2021-10-22,阿拉善盟,9
2021-10-22,锡林郭勒盟,2
2021-10-22,北京,6
2021-10-22,宁夏,3
2021-10-22,吴忠市,2
2021-10-22,银川市,1
2021-10-22,云南,1
2021-10-21,云南,4
2021-10-21,广西,3
2021-10-21,上海,2
2021-10-21,山东,2
2021-10-21,辽宁,1
2021-10-21,河南,1
2021-10-21,广东,1
2021-10-21,陕西,1
2021-10-21,内蒙古,11
2021-10-21,阿拉善盟,10
2021-10-21,锡林郭勒盟,1
2021-10-21,甘肃,9
2021-10-21,兰州市,5
2021-10-21,张掖市,3
2021-10-21,嘉峪关市,1
2021-10-21,陕西,3
2021-10-21,宁夏,2
2021-10-21,吴忠市,1
2021-10-21,银川市,1
2021-10-21,北京,1
2021-10-21,贵州,1
2021-10-21,青海,1
2021-10-20,上海,6
2021-10-20,河南,1
2021-10-20,广东,1
2021-10-20,甘肃,5
2021-10-20,兰州市,4
2021-10-20,张掖市,1
2021-10-20,宁夏,4
2021-10-20,吴忠市,2
2021-10-20,银川市,2
2021-10-20,内蒙古,2
2021-10-20,湖北,2
2021-10-19,上海,7
2021-10-19,广东,3
2021-10-19,福建,1
2021-10-19,河南,1
2021-10-19,陕西,1
2021-10-19,河南,1
2021-10-19,广东,1
2021-10-19,陕西,1
2021-10-19,内蒙古,8
2021-10-19,阿拉善盟,5
2021-10-19,锡林郭勒盟,3
2021-10-19,甘肃,4
2021-10-19,北京,1
2021-10-19,贵州,1
2021-10-19,云南,1
2021-10-19,陕西,1
2021-10-19,宁夏,1
2021-10-18,上海,5
2021-10-18,云南,4
2021-10-18,广东,3
2021-10-18,湖南,2
2021-10-18,福建,1
2021-10-18,甘肃,1
2021-10-18,湖南,2
2021-10-18,广东,1
2021-10-18,甘肃,1
2021-10-18,陕西,5
2021-10-18,内蒙古,2
2021-10-18,湖南,1
2021-10-18,宁夏,1
2021-10-17,上海,6
2021-10-17,云南,6
2021-10-17,山东,5
2021-10-17,广东,2
2021-10-17,四川,2
2021-10-17,陕西,1
2021-10-16,上海,5
2021-10-16,四川,4
2021-10-16,广西,3
2021-10-16,云南,2
2021-10-16,北京,1
2021-10-16,辽宁,1
2021-10-16,黑龙江,1
2021-10-16,浙江,1
2021-10-16,陕西,1
2021-10-16,四川,4
2021-10-16,浙江,1
2021-10-16,陕西,1
2021-10-15,上海,4
2021-10-15,河南,3
2021-10-15,湖北,3
2021-10-15,浙江,2
2021-10-15,云南,1
2021-10-15,陕西,1
2021-10-15,河南,3
2021-10-15,浙江,2
2021-10-14,云南,3
2021-10-14,天津,2
2021-10-14,河南,2
2021-10-14,上海,1
2021-10-14,广西,1
2021-10-14,陕西,1
2021-10-14,天津,1
2021-10-14,云南,1
2021-10-14,陕西,1
2021-10-13,云南,6
2021-10-13,天津,3
2021-10-13,山东,2
2021-10-13,广东,2
2021-10-13,广西,2
2021-10-13,辽宁,1
2021-10-13,上海,1
2021-10-13,浙江,1
2021-10-13,河南,1
2021-10-13,湖北,1
2021-10-13,浙江,1
2021-10-13,河南,1
2021-10-12,广西,8
2021-10-12,云南,5
2021-10-12,上海,2
2021-10-12,广东,2
2021-10-12,北京,1
2021-10-12,天津,1
2021-10-12,浙江,1
2021-10-12,福建,1
2021-10-12,山东,1
2021-10-11,云南,5
2021-10-11,上海,3
2021-10-11,辽宁,1
2021-10-11,福建,1
2021-10-11,四川,1
2021-10-11,陕西,1
2021-10-10,云南,14
2021-10-10,山东,4
2021-10-10,上海,3
2021-10-10,广东,2
2021-10-10,内蒙古,1
2021-10-10,广西,1
2021-10-09,云南,10
2021-10-09,上海,6
2021-10-09,山东,2
2021-10-09,辽宁,1
2021-10-09,浙江,1
2021-10-09,福建,1
2021-10-09,河南,1
2021-10-09,广西,1
2021-10-09,四川,1
2021-10-09,辽宁,1
2021-10-09,浙江,1
2021-10-09,四川,1
2021-10-08,广西,3
2021-10-08,云南,3
2021-10-08,天津,2
2021-10-08,辽宁,2
2021-10-08,上海,2
2021-10-08,湖南,2
2021-10-08,福建,1
2021-10-08,山东,1
2021-10-08,陕西,1
2021-10-07,上海,8
2021-10-07,云南,6
2021-10-07,天津,2
2021-10-07,山东,2
2021-10-07,广东,2
2021-10-07,河南,1
2021-10-07,四川,1
2021-10-06,云南,13
2021-10-06,上海,4
2021-10-06,山东,3
2021-10-06,四川,2
2021-10-06,北京,1
2021-10-06,浙江,1
2021-10-06,湖北,1
2021-10-05,云南,13
2021-10-05,上海,4
2021-10-05,广西,2
2021-10-05,吉林,1
2021-10-05,黑龙江,1
2021-10-05,江苏,1
2021-10-05,福建,1
2021-10-05,山东,1
2021-10-05,黑龙江,1
2021-10-05,新疆,1
2021-10-04,上海,6
2021-10-04,云南,5
2021-10-04,山东,4
2021-10-04,广东,4
2021-10-04,陕西,3
2021-10-04,福建,2
2021-10-04,吉林,1
2021-10-04,黑龙江,1
2021-10-03,云南,7
2021-10-03,广东,4
2021-10-03,上海,3
2021-10-03,山东,3
2021-10-03,黑龙江,2
2021-10-03,湖南,2
2021-10-03,北京,1
2021-10-03,河北,1
2021-10-03,内蒙古,1
2021-10-03,浙江,1
2021-10-03,广西,1
2021-10-03,湖南,2
2021-10-03,浙江,1
2021-10-03,广东,1
2021-10-02,云南,9
2021-10-02,上海,7
2021-10-02,福建,4
2021-10-02,广东,3
2021-10-02,辽宁,1
2021-10-02,吉林,1
2021-10-02,山东,1
2021-10-02,辽宁,1
2021-10-02,广东,1
2021-10-02,黑龙江,1
2021-10-02,福建,1
2021-10-01,云南,14
2021-10-01,上海,9
2021-10-01,湖南,4
2021-10-01,天津,3
2021-10-01,广东,3
2021-10-01,河南,2
2021-10-01,辽宁,1
2021-10-01,浙江,1
2021-10-01,四川,1
2021-10-01,陕西,1
2021-10-01,湖南,4
2021-10-01,河南,2
2021-10-01,广东,2
2021-10-01,天津,1
2021-10-01,四川,1
2021-09-30,云南,9
2021-09-30,广东,6
2021-09-30,上海,5
2021-09-30,北京,1
2021-09-30,内蒙古,1
2021-09-30,湖南,1
2021-09-30,四川,1
2021-09-30,广东,4
2021-09-30,湖南,1
2021-09-29,云南,5
2021-09-29,上海,3
2021-09-29,广东,3
2021-09-29,辽宁,2
2021-09-29,浙江,1
2021-09-29,福建,1
2021-09-29,山东,1
2021-09-29,辽宁,1
2021-09-29,浙江,1
2021-09-28,云南,8
2021-09-28,上海,2
2021-09-28,福建,2
2021-09-28,江苏,1
2021-09-28,广东,1
2021-09-28,黑龙江,8
2021-09-28,福建,3
2021-09-27,云南,11
2021-09-27,广东,3
2021-09-27,江苏,2
2021-09-27,天津,1
2021-09-27,湖南,1
2021-09-27,天津,1
2021-09-27,湖南,1
2021-09-27,云南,1
2021-09-27,黑龙江,11
2021-09-27,福建,2
2021-09-26,云南,12
2021-09-26,北京,3
2021-09-26,天津,1
2021-09-26,辽宁,1
2021-09-26,上海,1
2021-09-26,江苏,1
2021-09-26,浙江,1
2021-09-26,山东,1
2021-09-26,广东,1
2021-09-26,天津,1
2021-09-26,浙江,1
2021-09-26,广东,1
2021-09-26,黑龙江,11
2021-09-26,福建,2
2021-09-25,云南,10
2021-09-25,广东,4
2021-09-25,内蒙古,2
2021-09-25,上海,2
2021-09-25,山东,1
2021-09-25,河南,1
2021-09-25,福建,5
2021-09-25,黑龙江,4
2021-09-25,哈尔滨市,3
2021-09-25,绥化市,1
2021-09-24,广东,9
2021-09-24,云南,7
2021-09-24,上海,6
2021-09-24,北京,1
2021-09-24,天津,1
2021-09-24,辽宁,1
2021-09-24,福建,1
2021-09-24,湖北,1
2021-09-24,广西,1
2021-09-24,黑龙江,8
2021-09-24,福建,2
2021-09-24,莆田市,1
2021-09-24,厦门市,1
2021-09-23,云南,13
2021-09-23,上海,9
2021-09-23,福建,1
2021-09-23,广东,1
2021-09-23,黑龙江,15
2021-09-23,福建,15
2021-09-23,厦门市,11
2021-09-23,莆田市,4
2021-09-22,云南,5
2021-09-22,天津,3
2021-09-22,上海,2
2021-09-22,湖北,2
2021-09-22,广东,2
2021-09-22,辽宁,1
2021-09-22,福建,20
2021-09-22,厦门市,17
2021-09-22,莆田市,3
2021-09-22,黑龙江,8
2021-09-21,云南,14
2021-09-21,上海,6
2021-09-21,福建,2
2021-09-21,广东,2
2021-09-21,四川,1
2021-09-21,福建,1
2021-09-21,四川,1
2021-09-21,福建,13
2021-09-21,厦门市,11
2021-09-21,莆田市,2
2021-09-21,黑龙江,3
2021-09-20,云南,12
2021-09-20,上海,6
2021-09-20,江苏,3
2021-09-20,广东,3
2021-09-20,黑龙江,2
2021-09-20,浙江,2
2021-09-20,福建,2
2021-09-20,浙江,2
2021-09-20,福建,1
2021-09-20,广东,1
2021-09-20,厦门市,36
2021-09-20,莆田市,5
2021-09-20,泉州市,1
2021-09-19,云南,9
2021-09-19,上海,4
2021-09-19,浙江,2
2021-09-19,广西,2
2021-09-19,四川,2
2021-09-19,福建,1
2021-09-19,山东,1
2021-09-19,浙江,2
2021-09-19,广西,1
2021-09-19,厦门市,16
2021-09-19,莆田市,7
2021-09-19,泉州市,5
2021-09-18,云南,9
2021-09-18,湖北,3
2021-09-18,广西,3
2021-09-18,四川,3
2021-09-18,上海,2
2021-09-18,广东,2
2021-09-18,天津,1
2021-09-18,广西,3
2021-09-18,四川,3
2021-09-18,天津,1
2021-09-18,广东,1
2021-09-18,厦门市,39
2021-09-18,莆田市,4
2021-09-17,云南,9
2021-09-17,广东,3
2021-09-17,上海,2
2021-09-17,辽宁,1
2021-09-17,莆田市,21
2021-09-17,厦门市,8
2021-09-17,漳州市,2
2021-09-16,云南,16
2021-09-16,河南,2
2021-09-16,广东,2
2021-09-16,上海,1
2021-09-16,浙江,1
2021-09-16,浙江,1
2021-09-16,河南,1
2021-09-16,福建,61
2021-09-16,厦门市,31
2021-09-16,莆田市,28
2021-09-16,泉州市,1
2021-09-16,漳州市,1
2021-09-16,云南,1
2021-09-15,云南,22
2021-09-15,广东,3
2021-09-15,上海,2
2021-09-15,四川,2
2021-09-15,浙江,1
2021-09-15,山东,1
2021-09-15,四川,2
2021-09-15,浙江,1
2021-09-15,广东,1
2021-09-15,福建,48
2021-09-15,莆田市,38
2021-09-15,厦门市,8
2021-09-15,泉州市,2
2021-09-15,云南,1
2021-09-14,云南,13
2021-09-14,广东,4
2021-09-14,上海,2
2021-09-14,天津,1
2021-09-14,浙江,1
2021-09-14,福建,1
2021-09-14,河南,1
2021-09-14,天津,1
2021-09-14,浙江,1
2021-09-14,福建,1
2021-09-14,广东,1
2021-09-14,莆田市,33
2021-09-14,厦门市,12
2021-09-14,泉州市,5
2021-09-13,云南,14
2021-09-13,广东,8
2021-09-13,上海,6
2021-09-13,四川,2
2021-09-13,北京,1
2021-09-13,福建,1
2021-09-13,山东,1
2021-09-13,广东,3
2021-09-13,福建,1
2021-09-13,四川,1
2021-09-13,厦门市,32
2021-09-13,莆田市,24
2021-09-13,泉州市,3
2021-09-12,云南,17
2021-09-12,上海,5
2021-09-12,广东,3
2021-09-12,四川,1
2021-09-12,陕西,1
2021-09-12,莆田市,15
2021-09-12,泉州市,6
2021-09-12,厦门市,1
2021-09-11,云南,11
2021-09-11,广东,6
2021-09-11,上海,3
2021-09-11,内蒙古,2
2021-09-11,天津,1
2021-09-11,辽宁,1
2021-09-11,福建,1
2021-09-11,河南,1
2021-09-11,广东,3
2021-09-11,福建,1
2021-09-11,莆田市,19
2021-09-11,泉州市,1
2021-09-10,云南,13
2021-09-10,河南,3
2021-09-10,上海,2
2021-09-10,福建,2
2021-09-10,广东,2
2021-09-10,山西,1
2021-09-10,四川,1
2021-09-10,河南,2
2021-09-10,广东,2
2021-09-10,四川,1
2021-09-09,广东,5
2021-09-09,上海,4
2021-09-09,云南,4
2021-09-09,江苏,1
2021-09-09,福建,1
2021-09-09,山东,1
2021-09-09,广西,1
2021-09-08,云南,17
2021-09-08,广东,4
2021-09-08,上海,2
2021-09-08,福建,2
2021-09-08,浙江,1
2021-09-08,湖北,1
2021-09-08,四川,1
2021-09-08,浙江,1
2021-09-08,福建,1
2021-09-08,广东,1
2021-09-07,云南,9
2021-09-07,上海,6
2021-09-07,广东,4
2021-09-06,云南,22
2021-09-06,上海,4
2021-09-06,福建,4
2021-09-06,辽宁,2
2021-09-06,广东,2
2021-09-06,浙江,1
2021-09-06,山东,1
2021-09-06,浙江,1
2021-09-06,福建,1
2021-09-06,广东,1
2021-09-05,广东,7
2021-09-05,云南,4
2021-09-05,上海,2
2021-09-05,四川,2
2021-09-05,福建,1
2021-09-05,河南,1
2021-09-05,广西,1
2021-09-05,四川,2
2021-09-05,福建,1
2021-09-05,河南,1
2021-09-05,广东,1
2021-09-04,上海,9
2021-09-04,云南,9
2021-09-04,广东,4
2021-09-04,天津,2
2021-09-04,内蒙古,2
2021-09-04,北京,1
2021-09-04,四川,1
2021-09-04,天津,1
2021-09-04,广东,1
2021-09-04,四川,1
2021-09-03,上海,8
2021-09-03,云南,6
2021-09-03,浙江,4
2021-09-03,广东,4
2021-09-03,福建,2
2021-09-03,天津,1
2021-09-03,江苏,1
2021-09-03,河南,1
2021-09-03,浙江,4
2021-09-03,广东,2
2021-09-03,河南,1
2021-09-02,云南,9
2021-09-02,上海,8
2021-09-02,广东,5
2021-09-02,河南,2
2021-09-02,黑龙江,1
2021-09-02,浙江,1
2021-09-02,四川,1
2021-09-02,陕西,1
2021-09-02,广东,2
2021-09-02,河南,1
2021-09-02,四川,1
2021-09-01,广东,9
2021-09-01,云南,8
2021-09-01,上海,6
2021-09-01,江苏,1
2021-09-01,浙江,1
2021-09-01,福建,1
2021-09-01,湖北,1
2021-08-31,广东,6
2021-08-31,云南,4
2021-08-31,上海,3
2021-08-31,天津,2
2021-08-31,北京,1
2021-08-31,浙江,1
2021-08-31,福建,1
2021-08-31,广西,1
2021-08-30,云南,22
2021-08-30,上海,4
2021-08-30,广东,4
2021-08-30,福建,2
2021-08-30,四川,2
2021-08-30,北京,1
2021-08-30,天津,1
2021-08-30,山东,1
2021-08-29,广东,9
2021-08-29,上海,5
2021-08-29,云南,3
2021-08-29,天津,2
2021-08-29,山西,1
2021-08-29,浙江,1
2021-08-29,福建,1
2021-08-29,山东,1
2021-08-29,上海,3
2021-08-29,北京,1
2021-08-28,云南,17
2021-08-28,上海,5
2021-08-28,天津,4
2021-08-28,广东,3
2021-08-28,江苏,2
2021-08-28,福建,1
2021-08-28,四川,1
2021-08-27,云南,7
2021-08-27,上海,4
2021-08-27,广东,3
2021-08-27,山西,2
2021-08-27,辽宁,1
2021-08-27,福建,1
2021-08-27,河南,1
2021-08-27,四川,1
2021-08-26,广东,8
2021-08-26,云南,8
2021-08-26,上海,7
2021-08-26,河南,2
2021-08-26,天津,1
2021-08-26,辽宁,1
2021-08-26,黑龙江,1
2021-08-26,湖北,1
2021-08-26,四川,1
2021-08-26,上海,1
2021-08-26,江苏,1
2021-08-25,广东,9
2021-08-25,云南,7
2021-08-25,上海,3
2021-08-25,天津,1
2021-08-25,辽宁,1
2021-08-25,浙江,1
2021-08-25,福建,1
2021-08-24,云南,6
2021-08-24,上海,4
2021-08-24,广东,3
2021-08-24,天津,1
2021-08-24,江苏,1
2021-08-24,河南,1
2021-08-24,上海,2
2021-08-24,江苏,1
2021-08-24,云南,1
2021-08-23,上海,9
2021-08-23,广东,8
2021-08-23,浙江,7
2021-08-23,云南,4
2021-08-23,福建,2
2021-08-23,四川,2
2021-08-23,天津,1
2021-08-23,陕西,1
2021-08-22,广东,5
2021-08-22,上海,4
2021-08-22,天津,3
2021-08-22,云南,3
2021-08-22,北京,2
2021-08-22,山西,1
2021-08-22,浙江,1
2021-08-22,河南,1
2021-08-22,四川,1
2021-08-21,上海,9
2021-08-21,云南,7
2021-08-21,广东,6
2021-08-21,湖北,2
2021-08-21,北京,1
2021-08-21,天津,1
2021-08-21,河南,1
2021-08-21,四川,1
2021-08-21,上海,3
2021-08-21,江苏,1
2021-08-20,广东,4
2021-08-20,云南,3
2021-08-20,北京,2
2021-08-20,上海,2
2021-08-20,浙江,2
2021-08-20,天津,1
2021-08-20,内蒙古,1
2021-08-20,福建,1
2021-08-20,上海,2
2021-08-20,江苏,1
2021-08-20,湖北,1
2021-08-19,广东,9
2021-08-19,云南,6
2021-08-19,北京,2
2021-08-19,辽宁,2
2021-08-19,上海,2
2021-08-19,福建,2
2021-08-19,河南,2
2021-08-19,天津,1
2021-08-19,黑龙江,1
2021-08-19,江苏,1
2021-08-19,四川,1
2021-08-19,江苏,2
2021-08-19,云南,2
2021-08-18,天津,11
2021-08-18,广东,10
2021-08-18,云南,6
2021-08-18,上海,5
2021-08-18,福建,4
2021-08-18,北京,1
2021-08-18,内蒙古,1
2021-08-18,浙江,1
2021-08-18,河南,1
2021-08-18,四川,1
2021-08-18,江苏,3
2021-08-18,上海,1
2021-08-18,云南,1
2021-08-17,云南,8
2021-08-17,上海,5
2021-08-17,天津,3
2021-08-17,北京,2
2021-08-17,福建,2
2021-08-17,湖北,1
2021-08-17,广东,1
2021-08-16,云南,15
2021-08-16,广东,9
2021-08-16,上海,7
2021-08-16,广西,2
2021-08-16,山东,1
2021-08-16,四川,1
2021-08-16,陕西,1
2021-08-16,江苏,3
2021-08-16,湖北,3
2021-08-15,云南,11
2021-08-15,浙江,5
2021-08-15,山东,5
2021-08-15,广东,5
2021-08-15,福建,4
2021-08-15,北京,2
2021-08-15,上海,2
2021-08-15,天津,1
2021-08-15,山西,1
2021-08-15,辽宁,1
2021-08-15,黑龙江,1
2021-08-15,江苏,6
2021-08-15,河南,6
2021-08-15,湖南,1
2021-08-14,广东,13
2021-08-14,上海,6
2021-08-14,天津,3
2021-08-14,山东,3
2021-08-14,云南,3
2021-08-14,福建,1
2021-08-14,江苏,18
2021-08-14,河南,5
2021-08-14,湖南,1
2021-08-13,福建,11
2021-08-13,上海,5
2021-08-13,云南,5
2021-08-13,山东,4
2021-08-13,四川,4
2021-08-13,广东,3
2021-08-13,天津,2
2021-08-13,辽宁,1
2021-08-13,陕西,1
2021-08-13,江苏,18
2021-08-13,河南,4
2021-08-13,湖北,4
2021-08-13,湖南,3
2021-08-13,云南,1
2021-08-12,河南,17
2021-08-12,广东,9
2021-08-12,云南,9
2021-08-12,广西,7
2021-08-12,上海,5
2021-08-12,四川,2
2021-08-12,辽宁,1
2021-08-12,山东,1
2021-08-12,陕西,1
2021-08-12,江苏,26
2021-08-12,河南,14
2021-08-12,湖北,4
2021-08-12,湖南,2
2021-08-12,云南,1
2021-08-11,上海,5
2021-08-11,广东,5
2021-08-11,云南,5
2021-08-11,广西,3
2021-08-11,福建,1
2021-08-11,四川,1
2021-08-11,江苏,38
2021-08-11,湖北,10
2021-08-11,湖南,7
2021-08-11,河南,3
2021-08-11,云南,3
2021-08-10,浙江,12
2021-08-10,云南,5
2021-08-10,上海,4
2021-08-10,四川,3
2021-08-10,广东,2
2021-08-10,天津,1
2021-08-10,山东,1
2021-08-10,江苏,54
2021-08-10,湖北,14
2021-08-10,河南,7
2021-08-10,湖南,5
2021-08-10,云南,2
2021-08-10,北京,1
2021-08-09,云南,11
2021-08-09,上海,9
2021-08-09,广东,8
2021-08-09,福建,3
2021-08-09,四川,3
2021-08-09,陕西,1
2021-08-09,江苏,50
2021-08-09,河南,37
2021-08-09,湖北,15
2021-08-09,湖南,6
2021-08-08,上海,8
2021-08-08,广东,8
2021-08-08,云南,8
2021-08-08,北京,3
2021-08-08,内蒙古,1
2021-08-08,浙江,1
2021-08-08,四川,1
2021-08-08,陕西,1
2021-08-08,河南,41
2021-08-08,江苏,38
2021-08-08,湖南,12
2021-08-08,湖北,3
2021-08-07,上海,6
2021-08-07,云南,4
2021-08-07,广东,3
2021-08-07,四川,2
2021-08-07,江苏,38
2021-08-07,河南,24
2021-08-07,云南,7
2021-08-07,湖北,6
2021-08-07,湖南,6
2021-08-06,云南,11
2021-08-06,上海,9
2021-08-06,天津,5
2021-08-06,广东,3
2021-08-06,四川,2
2021-08-06,江苏,1
2021-08-06,浙江,1
2021-08-06,江苏,53
2021-08-06,湖北,9
2021-08-06,湖南,9
2021-08-06,河南,4
2021-08-05,广东,13
2021-08-05,云南,10
2021-08-05,上海,8
2021-08-05,山东,8
2021-08-05,四川,2
2021-08-05,陕西,2
2021-08-05,天津,1
2021-08-05,江苏,61
2021-08-05,湖南,9
2021-08-05,湖北,6
2021-08-05,内蒙古,1
2021-08-05,河南,1
2021-08-05,海南,1
2021-08-05,云南,1
2021-08-04,上海,9
2021-08-04,云南,8
2021-08-04,福建,3
2021-08-04,广东,2
2021-08-04,山东,1
2021-08-04,江苏,40
2021-08-04,湖南,9
2021-08-04,北京,3
2021-08-04,山东,3
2021-08-04,河南,3
2021-08-04,云南,3
2021-08-04,湖北,1
2021-08-03,云南,7
2021-08-03,福建,4
2021-08-03,江苏,3
2021-08-03,上海,2
2021-08-03,浙江,2
2021-08-03,广东,2
2021-08-03,天津,1
2021-08-03,山西,1
2021-08-03,辽宁,1
2021-08-03,河南,1
2021-08-03,四川,1
2021-08-03,江苏,35
2021-08-03,湖南,15
2021-08-03,湖北,9
2021-08-03,山东,6
2021-08-03,云南,3
2021-08-03,河南,2
2021-08-03,福建,1
2021-08-02,云南,8
2021-08-02,广东,6
2021-08-02,天津,3
2021-08-02,上海,3
2021-08-02,四川,3
2021-08-02,江苏,2
2021-08-02,陕西,2
2021-08-02,福建,1
2021-08-02,山东,1
2021-08-02,江苏,45
2021-08-02,湖南,6
2021-08-02,湖北,3
2021-08-02,河南,2
2021-08-02,云南,2
2021-08-02,北京,1
2021-08-02,上海,1
2021-08-02,福建,1
2021-08-01,云南,16
2021-08-01,北京,4
2021-08-01,福建,4
2021-08-01,内蒙古,3
2021-08-01,江苏,3
2021-08-01,陕西,3
2021-08-01,上海,2
2021-08-01,山东,2
2021-08-01,河南,2
2021-08-01,广东,2
2021-08-01,四川,2
2021-08-01,江苏,40
2021-08-01,湖南,7
2021-08-01,北京,2
2021-08-01,湖北,2
2021-08-01,山东,1
2021-08-01,河南,1
2021-08-01,海南,1
2021-08-01,云南,1
2021-07-31,云南,7
2021-07-31,上海,5
2021-07-31,天津,3
2021-07-31,内蒙古,2
2021-07-31,广东,2
2021-07-31,浙江,1
2021-07-31,河南,1
2021-07-31,四川,1
2021-07-31,江苏,30
2021-07-31,河南,12
2021-07-31,湖南,4
2021-07-31,云南,3
2021-07-31,福建,1
2021-07-31,山东,1
2021-07-31,湖北,1
2021-07-31,宁夏,1
2021-07-30,云南,9
2021-07-30,上海,8
2021-07-30,天津,3
2021-07-30,浙江,2
2021-07-30,福建,2
2021-07-30,广东,1
2021-07-30,江苏,19
2021-07-30,湖南,6
2021-07-30,重庆,2
2021-07-30,辽宁,1
2021-07-30,福建,1
2021-07-30,四川,1
2021-07-29,云南,21
2021-07-29,广东,9
2021-07-29,上海,7
2021-07-29,福建,3
2021-07-29,辽宁,1
2021-07-29,山东,1
2021-07-29,四川,1
2021-07-29,江苏,18
2021-07-29,湖南,2
2021-07-29,北京,1
2021-07-28,云南,16
2021-07-28,福建,3
2021-07-28,广东,3
2021-07-28,吉林,1
2021-07-28,河南,1
2021-07-28,四川,1
2021-07-28,江苏,20
2021-07-28,四川,3
2021-07-28,北京,1
2021-07-27,云南,16
2021-07-27,福建,3
2021-07-27,广东,3
2021-07-27,四川,2
2021-07-27,北京,1
2021-07-27,天津,1
2021-07-27,上海,1
2021-07-27,山东,1
2021-07-27,湖北,1
2021-07-27,陕西,1
2021-07-27,甘肃,1
2021-07-27,江苏,48
2021-07-27,四川,3
2021-07-27,辽宁,2
2021-07-27,云南,2
2021-07-26,云南,19
2021-07-26,广东,13
2021-07-26,上海,4
2021-07-26,江苏,3
2021-07-26,四川,1
2021-07-25,云南,18
2021-07-25,广东,8
2021-07-25,福建,5
2021-07-25,内蒙古,2
2021-07-25,河南,2
2021-07-25,北京,1
2021-07-25,江苏,39
2021-07-25,辽宁,1
2021-07-24,云南,6
2021-07-24,广东,5
2021-07-24,上海,4
2021-07-24,福建,4
2021-07-24,内蒙古,2
2021-07-24,湖南,2
2021-07-24,天津,1
2021-07-24,河南,1
2021-07-24,四川,1
2021-07-24,甘肃,1
2021-07-24,江苏,2
2021-07-24,辽宁,1
2021-07-24,广东,1
2021-07-24,云南,1
2021-07-23,广东,5
2021-07-23,云南,5
2021-07-23,福建,4
2021-07-23,四川,3
2021-07-23,上海,2
2021-07-23,天津,1
2021-07-23,河南,1
2021-07-23,湖北,1
2021-07-23,江苏,12
2021-07-23,四川,1
2021-07-22,广东,14
2021-07-22,云南,13
2021-07-22,上海,3
2021-07-22,四川,2
2021-07-22,陕西,2
2021-07-22,天津,1
2021-07-22,湖北,1
2021-07-21,云南,21
2021-07-21,广东,7
2021-07-21,四川,5
2021-07-21,上海,2
2021-07-21,陕西,2
2021-07-21,湖南,1
2021-07-21,江苏,11
2021-07-21,云南,1
2021-07-20,云南,6
2021-07-20,陕西,6
2021-07-20,上海,2
2021-07-20,江苏,2
2021-07-20,福建,1
2021-07-20,广东,1
2021-07-20,四川,1
2021-07-20,甘肃,1
2021-07-19,云南,41
2021-07-19,广东,4
2021-07-19,天津,3
2021-07-19,上海,3
2021-07-19,湖北,3
2021-07-19,北京,1
2021-07-19,福建,1
2021-07-19,四川,1
2021-07-18,广东,8
2021-07-18,云南,5
2021-07-18,上海,4
2021-07-18,陕西,3
2021-07-18,北京,1
2021-07-18,内蒙古,1
2021-07-18,浙江,1
2021-07-18,福建,1
2021-07-18,河南,1
2021-07-18,甘肃,1
2021-07-17,云南,11
2021-07-17,北京,4
2021-07-17,福建,4
2021-07-17,广东,4
2021-07-17,四川,3
2021-07-17,陕西,2
2021-07-17,内蒙古,1
2021-07-17,上海,1
2021-07-17,江苏,1
2021-07-17,湖北,1
2021-07-16,云南,11
2021-07-16,湖南,5
2021-07-16,福建,4
2021-07-16,上海,3
2021-07-16,浙江,2
2021-07-16,陕西,2
2021-07-16,广东,1
2021-07-15,云南,15
2021-07-15,上海,6
2021-07-15,天津,4
2021-07-15,广东,4
2021-07-15,江苏,2
2021-07-15,浙江,2
2021-07-15,河南,1
2021-07-15,四川,1
2021-07-15,陕西,1
2021-07-14,广东,12
2021-07-14,云南,7
2021-07-14,浙江,2
2021-07-14,福建,1
2021-07-14,四川,1
2021-07-13,云南,10
2021-07-13,上海,5
2021-07-13,广东,2
2021-07-13,天津,1
2021-07-13,辽宁,1
2021-07-13,江苏,1
2021-07-13,福建,1
2021-07-13,四川,1
2021-07-13,陕西,1
2021-07-12,云南,6
2021-07-12,上海,5
2021-07-12,河南,3
2021-07-12,广东,3
2021-07-12,福建,2
2021-07-12,湖南,2
2021-07-12,北京,1
2021-07-12,天津,1
2021-07-12,江苏,1
2021-07-12,湖北,1
2021-07-12,四川,1
2021-07-12,陕西,1
2021-07-12,江苏,1
2021-07-12,云南,1
2021-07-11,福建,4
2021-07-11,内蒙古,3
2021-07-11,广东,3
2021-07-11,云南,3
2021-07-11,四川,2
2021-07-11,上海,1
2021-07-11,江苏,1
2021-07-11,河南,1
2021-07-10,云南,4
2021-07-10,上海,3
2021-07-10,四川,2
2021-07-10,广东,1
2021-07-10,广西,1
2021-07-10,陕西,1
2021-07-09,上海,6
2021-07-09,云南,4
2021-07-09,四川,3
2021-07-09,陕西,3
2021-07-09,天津,2
2021-07-09,广东,1
2021-07-08,云南,9
2021-07-08,上海,3
2021-07-08,广东,3
2021-07-07,上海,8
2021-07-07,福建,2
2021-07-07,河南,2
2021-07-07,广东,2
2021-07-07,四川,1
2021-07-06,湖北,25
2021-07-06,广东,5
2021-07-06,上海,4
2021-07-06,天津,2
2021-07-06,陕西,2
2021-07-06,江苏,1
2021-07-06,福建,1
2021-07-06,河南,1
2021-07-06,四川,1
2021-07-05,云南,8
2021-07-05,上海,4
2021-07-05,广东,3
2021-07-05,重庆,3
2021-07-05,辽宁,1
2021-07-05,福建,1
2021-07-04,上海,6
2021-07-04,广东,5
2021-07-04,云南,5
2021-07-04,四川,2
2021-07-04,陕西,1
2021-07-03,云南,4
2021-07-03,广东,3
2021-07-03,福建,2
2021-07-03,天津,1
2021-07-03,辽宁,1
2021-07-03,上海,1
2021-07-03,广西,1
2021-07-03,四川,1
2021-07-02,四川,6
2021-07-02,上海,4
2021-07-02,湖南,4
2021-07-02,云南,4
2021-07-02,广东,3
2021-07-02,福建,1
2021-07-02,陕西,1
2021-07-01,广东,8
2021-07-01,福建,5
2021-07-01,上海,3
2021-07-01,辽宁,1
2021-07-01,江苏,1
2021-06-30,福建,3
2021-06-30,上海,2
2021-06-30,安徽,2
2021-06-30,四川,2
2021-06-30,云南,2
2021-06-30,陕西,1
2021-06-29,福建,2
2021-06-29,湖北,2
2021-06-29,云南,2
2021-06-29,湖南,1
2021-06-29,广东,1
2021-06-29,四川,1
2021-06-28,云南,4
2021-06-28,福建,3
2021-06-28,广东,3
2021-06-28,安徽,2
2021-06-28,四川,2
2021-06-28,陕西,2
2021-06-28,上海,1
2021-06-28,浙江,1
2021-06-27,广东,5
2021-06-27,云南,5
2021-06-27,四川,4
2021-06-27,福建,3
2021-06-27,湖南,2
2021-06-27,北京,1
2021-06-27,上海,1
2021-06-26,云南,5
2021-06-26,福建,4
2021-06-26,北京,1
2021-06-26,天津,1
2021-06-26,上海,1
2021-06-26,广东,1
2021-06-26,四川,1
2021-06-25,四川,6
2021-06-25,云南,5
2021-06-25,福建,4
2021-06-25,广东,4
2021-06-25,上海,3
2021-06-25,湖南,2
2021-06-25,浙江,1
2021-06-24,上海,6
2021-06-24,广东,6
2021-06-24,四川,5
2021-06-24,云南,2
2021-06-24,北京,1
2021-06-24,天津,1
2021-06-24,浙江,1
2021-06-24,湖南,1
2021-06-24,甘肃,1
2021-06-23,广东,8
2021-06-23,四川,3
2021-06-23,云南,3
2021-06-23,辽宁,1
2021-06-23,福建,1
2021-06-22,四川,12
2021-06-22,上海,6
2021-06-22,广东,3
2021-06-22,江苏,2
2021-06-22,福建,1
2021-06-21,福建,7
2021-06-21,广东,5
2021-06-21,四川,5
2021-06-21,浙江,4
2021-06-21,内蒙古,1
2021-06-21,上海,1
2021-06-20,广东,6
2021-06-20,云南,3
2021-06-20,北京,2
2021-06-20,上海,1
2021-06-20,江苏,1
2021-06-20,福建,1
2021-06-20,河南,1
2021-06-20,四川,1
2021-06-19,广东,12
2021-06-19,云南,4
2021-06-19,上海,3
2021-06-19,浙江,2
2021-06-19,福建,1
2021-06-19,四川,1
2021-06-18,广东,8
2021-06-18,上海,6
2021-06-18,福建,4
2021-06-18,云南,2
2021-06-18,陕西,2
2021-06-18,北京,1
2021-06-18,浙江,1
2021-06-17,广东,8
2021-06-17,福建,5
2021-06-17,上海,3
2021-06-17,浙江,3
2021-06-17,云南,2
2021-06-17,天津,1
2021-06-16,福建,3
2021-06-16,广东,3
2021-06-16,云南,3
2021-06-16,上海,2
2021-06-16,北京,1
2021-06-16,江苏,1
2021-06-16,湖北,1
2021-06-16,四川,1
2021-06-15,广东,15
2021-06-15,上海,3
2021-06-15,江苏,2
2021-06-15,四川,1
2021-06-15,福建,2
2021-06-15,上海,1
2021-06-14,广东,8
2021-06-14,上海,5
2021-06-14,北京,1
2021-06-14,浙江,1
2021-06-14,福建,1
2021-06-14,四川,1
2021-06-14,云南,1
2021-06-13,上海,5
2021-06-13,四川,4
2021-06-13,内蒙古,3
2021-06-13,广东,3
2021-06-13,云南,2
2021-06-13,北京,1
2021-06-13,江苏,1
2021-06-12,广东,7
2021-06-12,上海,6
2021-06-12,云南,5
2021-06-12,四川,3
2021-06-12,天津,2
2021-06-12,浙江,2
2021-06-12,江苏,1
2021-06-12,福建,1
2021-06-12,陕西,1
2021-06-11,上海,8
2021-06-11,云南,6
2021-06-11,江苏,4
2021-06-11,广东,4
2021-06-11,北京,1
2021-06-11,天津,1
2021-06-11,福建,1
2021-06-11,四川,1
2021-06-11,陕西,1
2021-06-10,福建,3
2021-06-10,上海,2
2021-06-10,广东,2
2021-06-10,四川,2
2021-06-10,北京,1
2021-06-10,江苏,1
2021-06-10,浙江,1
2021-06-10,云南,1
2021-06-09,上海,7
2021-06-09,广东,3
2021-06-09,陕西,2
2021-06-09,浙江,1
2021-06-09,四川,1
2021-06-09,云南,1
2021-06-08,北京,2
2021-06-08,上海,2
2021-06-08,四川,2
2021-06-08,福建,1
2021-06-08,广东,1
2021-06-07,广东,3
2021-06-07,内蒙古,2
2021-06-07,上海,2
2021-06-07,福建,2
2021-06-07,北京,1
2021-06-07,天津,1
2021-06-07,江苏,1
2021-06-07,四川,1
2021-06-07,云南,1
2021-06-06,上海,4
2021-06-06,广东,3
2021-06-06,浙江,2
2021-06-06,云南,2
2021-06-06,辽宁,1
2021-06-06,河南,1
2021-06-06,四川,1
2021-06-05,上海,7
2021-06-05,四川,6
2021-06-05,广东,2
2021-06-05,云南,2
2021-06-05,北京,1
2021-06-05,天津,1
2021-06-05,江苏,1
2021-06-05,浙江,1
2021-06-05,福建,1
2021-06-05,陕西,1
2021-06-04,广东,5
2021-06-04,福建,3
2021-06-04,北京,2
2021-06-04,上海,1
2021-06-04,四川,1
2021-06-04,云南,1
2021-06-03,上海,5
2021-06-03,广东,2
2021-06-03,四川,2
2021-06-03,云南,2
2021-06-03,北京,1
2021-06-03,内蒙古,1
2021-06-03,浙江,1
2021-06-03,陕西,1
2021-06-02,上海,3
2021-06-02,广东,2
2021-06-02,四川,2
2021-06-02,北京,1
2021-06-02,福建,1
2021-06-01,上海,6
2021-06-01,福建,3
2021-06-01,广东,3
2021-06-01,四川,1
2021-06-01,云南,1
2021-05-31,上海,7
2021-05-31,广东,2
2021-05-31,四川,2
2021-05-31,江苏,1
2021-05-30,广东,3
2021-05-30,上海,2
2021-05-30,福建,1
2021-05-30,河南,1
2021-05-29,上海,5
2021-05-29,福建,2
2021-05-29,内蒙古,1
2021-05-29,广东,1
2021-05-29,四川,1
2021-05-29,陕西,1
2021-05-28,上海,7
2021-05-28,四川,2
2021-05-28,陕西,2
2021-05-28,浙江,1
2021-05-28,福建,1
2021-05-28,广东,1
2021-05-27,四川,3
2021-05-27,上海,2
2021-05-27,江苏,1
2021-05-27,广东,1
2021-05-26,广东,12
2021-05-26,北京,1
2021-05-26,内蒙古,1
2021-05-26,上海,1
2021-05-26,福建,1
2021-05-26,四川,1
2021-05-25,上海,6
2021-05-25,四川,2
2021-05-25,江苏,1
2021-05-25,浙江,1
2021-05-25,福建,1
2021-05-25,陕西,1
2021-05-24,上海,3
2021-05-24,天津,2
2021-05-24,山西,2
2021-05-24,福建,2
2021-05-24,江苏,1
2021-05-24,湖南,1
2021-05-24,四川,1
2021-05-24,陕西,1
2021-05-23,上海,3
2021-05-23,广东,3
2021-05-23,四川,3
2021-05-23,陕西,2
2021-05-23,天津,1
2021-05-23,内蒙古,1
2021-05-23,黑龙江,1
2021-05-23,江苏,1
2021-05-23,福建,1
2021-05-23,湖南,1
2021-05-23,甘肃,1
2021-05-22,上海,4
2021-05-22,四川,4
2021-05-22,广东,3
2021-05-22,福建,2
2021-05-22,北京,1
2021-05-22,天津,1
2021-05-22,辽宁,1
2021-05-22,浙江,1
2021-05-22,云南,1
2021-05-21,广东,5
2021-05-21,四川,2
2021-05-21,辽宁,1
2021-05-21,上海,1
2021-05-20,福建,11
2021-05-20,上海,9
2021-05-20,河南,1
2021-05-20,湖南,1
2021-05-20,广东,1
2021-05-20,四川,1
2021-05-19,浙江,5
2021-05-19,上海,2
2021-05-19,天津,1
2021-05-19,广东,1
2021-05-19,四川,1
2021-05-19,陕西,1
2021-05-18,上海,9
2021-05-18,陕西,2
2021-05-18,江苏,1
2021-05-18,湖北,1
2021-05-18,广东,1
2021-05-17,陕西,6
2021-05-17,上海,4
2021-05-17,四川,2
2021-05-17,黑龙江,1
2021-05-17,浙江,1
2021-05-17,福建,1
2021-05-17,山东,1
2021-05-17,湖南,1
2021-05-17,广东,1
2021-05-16,浙江,8
2021-05-16,上海,6
2021-05-16,广东,4
2021-05-16,湖南,1
2021-05-16,四川,1
2021-05-16,辽宁,3
2021-05-16,安徽,2
2021-05-15,广东,5
2021-05-15,云南,3
2021-05-15,上海,2
2021-05-15,内蒙古,1
2021-05-15,河南,1
2021-05-15,四川,1
2021-05-15,陕西,1
2021-05-14,上海,3
2021-05-14,陕西,2
2021-05-14,辽宁,1
2021-05-14,山东,1
2021-05-14,广东,1
2021-05-14,四川,1
2021-05-14,安徽,3
2021-05-14,辽宁,2
2021-05-13,广东,3
2021-05-13,上海,1
2021-05-13,福建,1
2021-05-12,上海,2
2021-05-12,广东,2
2021-05-12,天津,1
2021-05-12,内蒙古,1
2021-05-12,山东,1
2021-05-12,四川,1
2021-05-12,陕西,1
2021-05-11,广东,8
2021-05-11,上海,3
2021-05-11,江苏,1
2021-05-11,浙江,1
2021-05-11,山东,1
2021-05-11,四川,1
2021-05-11,陕西,1
2021-05-10,上海,4
2021-05-10,四川,4
2021-05-10,福建,2
2021-05-10,湖南,1
2021-05-10,广东,1
2021-05-10,重庆,1
2021-05-10,陕西,1
2021-05-09,上海,4
2021-05-09,广东,2
2021-05-09,陕西,2
2021-05-09,浙江,1
2021-05-09,四川,1
2021-05-09,云南,1
2021-05-08,上海,6
2021-05-08,广东,5
2021-05-08,宁夏,1
2021-05-07,上海,2
2021-05-07,天津,1
2021-05-07,浙江,1
2021-05-07,湖南,1
2021-05-07,重庆,1
2021-05-07,陕西,1
2021-05-06,上海,5
2021-05-06,广东,5
2021-05-06,福建,2
2021-05-06,陕西,1
2021-05-05,四川,2
2021-05-05,云南,2
2021-05-05,广东,1
2021-05-04,四川,2
2021-05-04,天津,1
2021-05-04,内蒙古,1
2021-05-04,山东,1
2021-05-04,广东,1
2021-05-04,广西,1
2021-05-03,四川,6
2021-05-03,广东,4
2021-05-03,上海,3
2021-05-03,山东,2
2021-05-03,江苏,1
2021-05-03,云南,1
2021-05-02,上海,5
2021-05-02,广东,4
2021-05-02,内蒙古,1
2021-05-02,四川,1
2021-05-01,广东,6
2021-05-01,上海,4
2021-05-01,广西,3
2021-05-01,福建,1
2021-05-01,云南,1
2021-04-30,广东,7
2021-04-30,上海,3
2021-04-30,四川,2
2021-04-30,浙江,1
2021-04-30,福建,1
2021-04-30,广西,1
2021-04-30,云南,1
2021-04-29,上海,7
2021-04-29,广东,2
2021-04-29,山西,1
2021-04-29,江苏,1
2021-04-29,福建,1
2021-04-29,海南,1
2021-04-29,上海,2
2021-04-29,内蒙古,1
2021-04-28,浙江,11
2021-04-28,上海,5
2021-04-28,山西,1
2021-04-28,湖北,1
2021-04-28,广东,1
2021-04-28,四川,1
2021-04-27,广东,3
2021-04-27,四川,3
2021-04-27,上海,2
2021-04-27,天津,1
2021-04-27,重庆,1
2021-04-27,云南,1
2021-04-27,陕西,1
2021-04-26,四川,5
2021-04-26,广东,2
2021-04-26,内蒙古,1
2021-04-26,上海,1
2021-04-26,浙江,1
2021-04-26,重庆,1
2021-04-25,云南,3
2021-04-25,上海,2
2021-04-25,四川,2
2021-04-25,江苏,1
2021-04-25,福建,1
2021-04-25,广东,1
2021-04-25,陕西,1
2021-04-24,上海,9
2021-04-24,福建,3
2021-04-24,天津,1
2021-04-23,上海,3
2021-04-23,江苏,1
2021-04-23,广东,1
2021-04-23,重庆,1
2021-04-23,四川,1
2021-04-23,云南,1
2021-04-23,陕西,1
2021-04-22,上海,5
2021-04-22,广东,5
2021-04-22,云南,3
2021-04-22,浙江,2
2021-04-22,重庆,2
2021-04-22,四川,2
2021-04-21,广东,2
2021-04-21,天津,1
2021-04-21,上海,1
2021-04-21,湖北,1
2021-04-21,云南,1
2021-04-20,海南,12
2021-04-20,上海,3
2021-04-20,天津,2
2021-04-20,广东,1
2021-04-20,四川,1
2021-04-19,上海,3
2021-04-19,福建,2
2021-04-19,浙江,1
2021-04-19,湖北,1
2021-04-19,四川,1
2021-04-19,陕西,1
2021-04-18,海南,4
2021-04-18,广东,2
2021-04-18,云南,2
2021-04-18,天津,1
2021-04-18,上海,1
2021-04-18,陕西,1
2021-04-17,广东,4
2021-04-17,陕西,4
2021-04-17,上海,2
2021-04-17,四川,2
2021-04-17,内蒙古,1
2021-04-17,福建,1
2021-04-17,河南,1
2021-04-17,云南,1
2021-04-16,上海,3
2021-04-16,广东,3
2021-04-16,天津,2
2021-04-16,四川,2
2021-04-16,陕西,2
2021-04-16,内蒙古,1
2021-04-16,浙江,1
2021-04-15,上海,3
2021-04-15,山东,3
2021-04-15,广东,2
2021-04-15,福建,1
2021-04-15,陕西,1
2021-04-14,广东,4
2021-04-14,上海,3
2021-04-14,山西,1
2021-04-14,湖北,1
2021-04-14,四川,1
2021-04-13,上海,5
2021-04-13,广东,3
2021-04-13,天津,1
2021-04-13,福建,1
2021-04-13,四川,1
2021-04-12,浙江,2
2021-04-12,广东,2
2021-04-12,四川,2
2021-04-12,上海,1
2021-04-12,福建,1
2021-04-11,福建,4
2021-04-11,上海,3
2021-04-11,广东,3
2021-04-11,陕西,2
2021-04-11,北京,1
2021-04-11,山东,1
2021-04-10,广西,3
2021-04-10,上海,2
2021-04-10,北京,1
2021-04-10,天津,1
2021-04-10,山西,1
2021-04-10,广东,1
2021-04-10,四川,1
2021-04-09,上海,4
2021-04-09,福建,2
2021-04-09,北京,1
2021-04-09,山西,1
2021-04-09,辽宁,1
2021-04-09,浙江,1
2021-04-09,山东,1
2021-04-09,湖北,1
2021-04-09,云南,1
2021-04-09,陕西,1
2021-04-08,广东,4
2021-04-08,上海,3
2021-04-08,陕西,2
2021-04-08,北京,1
2021-04-08,山西,1
2021-04-08,福建,1
2021-04-08,湖南,1
2021-04-07,上海,9
2021-04-07,内蒙古,1
2021-04-07,江苏,1
2021-04-07,广东,1
2021-04-07,陕西,1
2021-04-06,上海,2
2021-04-06,四川,2
2021-04-06,北京,1
2021-04-06,江苏,1
2021-04-06,福建,1
2021-04-06,山东,1
2021-04-06,湖北,1
2021-04-06,广东,1
2021-04-05,山西,4
2021-04-05,上海,2
2021-04-05,广东,2
2021-04-05,江苏,1
2021-04-04,陕西,4
2021-04-04,上海,3
2021-04-04,四川,3
2021-04-04,江苏,2
2021-04-04,北京,1
2021-04-04,天津,1
2021-04-04,内蒙古,1
2021-04-04,浙江,1
2021-04-04,福建,1
2021-04-03,上海,6
2021-04-03,广东,2
2021-04-03,北京,1
2021-04-03,天津,1
2021-04-03,福建,1
2021-04-02,福建,9
2021-04-02,上海,4
2021-04-02,广东,3
2021-04-02,北京,1
2021-04-02,江苏,1
2021-04-02,云南,1
2021-04-01,上海,2
2021-04-01,湖南,1
2021-04-01,四川,1
2021-04-01,陕西,1
2021-03-31,上海,3
2021-03-31,广东,3
2021-03-31,江苏,2
2021-03-31,内蒙古,1
2021-03-31,山东,1
2021-03-30,广东,2
2021-03-30,福建,1
2021-03-30,河南,1
2021-03-30,陕西,1
2021-03-29,上海,3
2021-03-29,四川,3
2021-03-29,广东,2
2021-03-28,广东,8
2021-03-28,内蒙古,3
2021-03-28,四川,2
2021-03-28,上海,1
2021-03-28,湖南,1
2021-03-27,上海,2
2021-03-27,四川,2
2021-03-27,天津,1
2021-03-27,河南,1
2021-03-27,广东,1
2021-03-27,陕西,1
2021-03-26,上海,6
2021-03-26,湖南,2
2021-03-26,四川,2
2021-03-26,广东,1
2021-03-25,上海,7
2021-03-25,广东,2
2021-03-25,福建,1
2021-03-25,陕西,1
2021-03-24,上海,4
2021-03-24,广东,4
2021-03-24,甘肃,2
2021-03-24,湖北,1
2021-03-23,上海,3
2021-03-23,天津,2
2021-03-23,广东,2
2021-03-23,内蒙古,1
2021-03-23,四川,1
2021-03-23,甘肃,1
2021-03-22,广东,4
2021-03-22,陕西,2
2021-03-22,上海,1
2021-03-22,四川,1
2021-03-22,云南,1
2021-03-21,上海,3
2021-03-21,福建,2
2021-03-21,辽宁,1
2021-03-21,广东,1
2021-03-20,上海,4
2021-03-20,甘肃,3
2021-03-20,天津,2
2021-03-20,内蒙古,1
2021-03-20,江西,1
2021-03-20,广东,1
2021-03-19,广东,2
2021-03-19,江苏,1
2021-03-19,浙江,1
2021-03-18,上海,5
2021-03-18,广东,3
2021-03-18,天津,1
2021-03-18,湖南,1
2021-03-17,天津,3
2021-03-17,上海,2
2021-03-17,广东,1
2021-03-16,四川,2
2021-03-16,上海,1
2021-03-16,福建,1
2021-03-15,四川,6
2021-03-15,上海,5
2021-03-15,天津,1
2021-03-15,江苏,1
2021-03-14,天津,1
2021-03-14,上海,1
2021-03-14,福建,1
2021-03-14,广东,1
2021-03-14,陕西,1
2021-03-13,上海,4
2021-03-13,福建,2
2021-03-13,内蒙古,1
2021-03-13,江苏,1
2021-03-13,广东,1
2021-03-13,陕西,1
2021-03-12,广东,3
2021-03-12,上海,2
2021-03-12,天津,1
2021-03-12,湖南,1
2021-03-11,上海,3
2021-03-11,广东,2
2021-03-11,四川,2
2021-03-11,河南,1
2021-03-11,陕西,1
2021-03-10,上海,5
2021-03-10,四川,3
2021-03-10,广东,2
2021-03-10,福建,1
2021-03-09,上海,2
2021-03-09,河南,1
2021-03-09,广东,1
2021-03-09,陕西,1
2021-03-08,四川,4
2021-03-08,上海,2
2021-03-08,广东,2
2021-03-07,上海,5
2021-03-07,广东,4
2021-03-07,河南,2
2021-03-07,四川,2
2021-03-07,陕西,2
2021-03-07,山西,1
2021-03-07,内蒙古,1
2021-03-07,江苏,1
2021-03-07,福建,1
2021-03-06,四川,7
2021-03-06,广东,4
2021-03-06,上海,2
2021-03-05,天津,3
2021-03-05,广东,3
2021-03-05,陕西,2
2021-03-05,上海,1
2021-03-05,四川,1
2021-03-04,上海,6
2021-03-04,天津,1
2021-03-04,湖南,1
2021-03-04,广东,1
2021-03-03,上海,5
2021-03-03,广东,3
2021-03-03,浙江,1
2021-03-03,四川,1
2021-03-02,四川,5
2021-03-02,广东,3
2021-03-02,云南,1
2021-03-02,陕西,1
2021-03-01,四川,4
2021-03-01,广东,3
2021-03-01,天津,1
2021-03-01,上海,1
2021-03-01,河南,1
2021-03-01,陕西,1
2021-02-28,四川,9
2021-02-28,广东,6
2021-02-28,北京,2
2021-02-28,上海,2
2021-02-27,福建,2
2021-02-27,云南,2
2021-02-27,天津,1
2021-02-27,广东,1
2021-02-26,广东,5
2021-02-26,陕西,2
2021-02-26,天津,1
2021-02-26,上海,1
2021-02-26,四川,1
2021-02-25,上海,4
2021-02-25,广东,2
2021-02-24,上海,3
2021-02-24,天津,1
2021-02-24,山东,1
2021-02-24,广东,1
2021-02-24,四川,1
2021-02-23,上海,3
2021-02-23,四川,2
2021-02-23,陕西,2
2021-02-23,天津,1
2021-02-23,江苏,1
2021-02-23,浙江,1
2021-02-23,山东,1
2021-02-23,广东,1
2021-02-22,广东,9
2021-02-22,山西,1
2021-02-21,广东,3
2021-02-21,上海,2
2021-02-21,四川,2
2021-02-21,北京,1
2021-02-21,天津,1
2021-02-21,福建,1
2021-02-21,湖南,1
2021-02-20,上海,3
2021-02-20,四川,2
2021-02-20,辽宁,1
2021-02-20,广东,1
2021-02-19,广东,3
2021-02-19,上海,2
2021-02-19,辽宁,1
2021-02-19,湖南,1
2021-02-19,四川,1
2021-02-18,上海,7
2021-02-18,天津,2
2021-02-18,湖南,1
2021-02-17,上海,4
2021-02-17,广东,3
2021-02-17,四川,2
2021-02-17,黑龙江,1
2021-02-17,湖北,1
2021-02-16,广东,6
2021-02-16,四川,1
2021-02-15,广东,8
2021-02-15,上海,5
2021-02-15,陕西,2
2021-02-15,四川,1
2021-02-14,广东,4
2021-02-14,天津,1
2021-02-14,上海,1
2021-02-14,河南,1
2021-02-14,陕西,1
2021-02-13,上海,2
2021-02-13,广东,2
2021-02-13,内蒙古,1
2021-02-13,四川,1
2021-02-13,陕西,1
2021-02-12,上海,3
2021-02-12,广东,3
2021-02-12,天津,1
2021-02-12,辽宁,1
2021-02-11,上海,7
2021-02-11,广东,2
2021-02-11,四川,2
2021-02-11,辽宁,1
2021-02-10,福建,1
2021-02-10,广东,1
2021-02-09,上海,6
2021-02-09,浙江,3
2021-02-09,天津,1
2021-02-09,江苏,1
2021-02-09,福建,1
2021-02-09,四川,1
2021-02-09,陕西,1
2021-02-08,广东,7
2021-02-08,上海,2
2021-02-08,江苏,1
2021-02-08,浙江,1
2021-02-08,福建,1
2021-02-08,山东,1
2021-02-08,四川,1
2021-02-07,上海,7
2021-02-07,广东,7
2021-02-06,上海,3
2021-02-06,北京,2
2021-02-06,江苏,2
2021-02-06,广东,2
2021-02-06,湖南,1
2021-02-05,上海,5
2021-02-05,天津,1
2021-02-05,广东,1
2021-02-05,陕西,1
2021-02-05,黑龙江,3
2021-02-05,吉林,1
2021-02-04,上海,9
2021-02-04,广东,2
2021-02-04,天津,1
2021-02-04,江苏,1
2021-02-04,福建,1
2021-02-04,黑龙江,5
2021-02-04,上海,1
2021-02-03,北京,5
2021-02-03,福建,3
2021-02-03,广东,3
2021-02-03,上海,2
2021-02-03,吉林,8
2021-02-03,黑龙江,4
2021-02-03,上海,3
2021-02-03,河北,2
2021-02-02,上海,4
2021-02-02,广东,2
2021-02-02,四川,2
2021-02-02,江苏,1
2021-02-02,陕西,1
2021-02-02,吉林,8
2021-02-02,黑龙江,6
2021-02-02,河北,1
2021-02-01,上海,7
2021-02-01,江苏,3
2021-02-01,辽宁,2
2021-02-01,广东,2
2021-02-01,北京,1
2021-02-01,山西,1
2021-02-01,四川,1
2021-02-01,陕西,1
2021-02-01,黑龙江,8
2021-02-01,吉林,4
2021-01-31,上海,4
2021-01-31,北京,2
2021-01-31,天津,1
2021-01-31,湖南,1
2021-01-31,广东,1
2021-01-31,黑龙江,22
2021-01-31,吉林,10
2021-01-31,河北,1
2021-01-30,上海,7
2021-01-30,辽宁,3
2021-01-30,广东,3
2021-01-30,福建,2
2021-01-30,陕西,2
2021-01-30,江苏,1
2021-01-30,四川,1
2021-01-30,吉林,63
2021-01-30,黑龙江,9
2021-01-30,河北,1
2021-12-09,上海,9
2021-12-09,福建,3
2021-12-09,湖南,2
2021-12-09,四川,1
2021-12-09,陕西,1
2021-12-09,黑龙江,27
2021-12-09,吉林,5
2021-12-09,上海,2
2021-12-09,北京,1
2021-12-09,河北,1
2021-12-08,上海,9
2021-12-08,广东,5
2021-12-08,天津,1
2021-12-08,湖南,1
2021-12-08,黑龙江,21
2021-12-08,吉林,13
2021-12-08,北京,1
2021-12-08,河北,1
2021-12-07,上海,7
2021-12-07,天津,2
2021-12-07,山西,1
2021-12-07,江苏,1
2021-12-07,广东,1
2021-12-07,四川,1
2021-12-07,黑龙江,28
2021-12-07,吉林,9
2021-12-07,河北,3
2021-12-07,陕西,1
2021-12-06,广东,7
2021-12-06,上海,5
2021-12-06,甘肃,4
2021-12-06,天津,2
2021-12-06,江苏,1
2021-12-06,四川,1
2021-12-06,黑龙江,29
2021-12-06,吉林,14
2021-12-06,河北,7
2021-12-06,北京,4
2021-12-06,上海,1
2021-12-05,上海,8
2021-12-05,广东,2
2021-12-05,福建,1
2021-12-05,湖南,1
2021-12-05,陕西,1
2021-12-05,黑龙江,53
2021-12-05,吉林,7
2021-12-05,河北,5
2021-12-05,北京,2
2021-12-05,上海,2
2021-12-04,天津,2
2021-12-04,上海,2
2021-12-04,广东,2
2021-12-04,福建,1
2021-12-04,吉林,67
2021-12-04,黑龙江,35
2021-12-04,河北,11
2021-12-04,北京,3
2021-12-04,上海,1
2021-12-03,广东,5
2021-12-03,上海,3
2021-12-03,山西,2
2021-12-03,天津,1
2021-12-03,辽宁,1
2021-12-03,江苏,1
2021-12-03,陕西,1
2021-12-03,甘肃,1
2021-12-03,黑龙江,29
2021-12-03,河北,19
2021-12-03,吉林,12
2021-12-03,上海,3
2021-12-03,北京,2
2021-12-02,上海,8
2021-12-02,山西,4
2021-12-02,江苏,2
2021-12-02,湖南,1
2021-12-02,广东,1
2021-12-02,四川,1
2021-12-02,黑龙江,56
2021-12-02,河北,15
2021-12-02,吉林,13
2021-12-02,北京,3
2021-12-02,上海,3
2021-12-01,广东,4
2021-12-01,上海,3
2021-12-01,安徽,1
2021-12-01,福建,1
2021-12-01,黑龙江,47
2021-12-01,吉林,19
2021-12-01,河北,18
2021-12-01,上海,6
2021-12-01,北京,3
2021-12-01,山西,1
2021-01-20,上海,9
2021-01-20,天津,5
2021-01-20,北京,1
2021-01-20,湖北,1
2021-01-20,广东,1
2021-01-20,广西,1
2021-01-20,黑龙江,68
2021-01-20,吉林,33
2021-01-20,河北,20
2021-01-20,北京,2
2021-01-20,山西,2
2021-01-20,山东,1
2021-11-09,上海,4
2021-11-09,广东,3
2021-11-09,浙江,2
2021-11-09,四川,2
2021-11-09,陕西,2
2021-11-09,天津,1
2021-11-09,福建,1
2021-11-09,吉林,46
2021-11-09,河北,19
2021-11-09,黑龙江,16
2021-11-09,北京,7
2021-11-08,上海,4
2021-11-08,浙江,3
2021-11-08,广东,3
2021-11-08,山西,1
2021-11-08,陕西,1
2021-11-08,吉林,43
2021-11-08,河北,35
2021-11-08,黑龙江,27
2021-11-08,北京,1
2021-11-07,上海,4
2021-11-07,陕西,3
2021-11-07,浙江,2
2021-11-07,湖南,2
2021-11-07,北京,1
2021-11-07,天津,1
2021-11-07,福建,1
2021-11-07,广东,1
2021-11-07,四川,1
2021-11-07,河北,54
2021-11-07,吉林,30
2021-11-07,黑龙江,7
2021-11-07,北京,2
2021-11-06,上海,4
2021-11-06,福建,2
2021-11-06,广东,2
2021-11-06,四川,2
2021-11-06,天津,1
2021-11-06,山东,1
2021-11-06,湖南,1
2021-11-06,河北,72
2021-11-06,黑龙江,12
2021-11-06,吉林,10
2021-11-06,北京,2
2021-11-05,上海,7
2021-11-05,天津,3
2021-11-05,四川,2
2021-11-05,湖南,1
2021-11-05,重庆,1
2021-11-05,陕西,1
2021-11-05,河北,90
2021-11-05,黑龙江,23
2021-11-05,北京,2
2021-11-04,广东,3
2021-11-04,上海,2
2021-11-04,江苏,1
2021-11-04,浙江,1
2021-11-04,四川,1
2021-11-04,陕西,1
2021-11-04,河北,90
2021-11-04,黑龙江,43
2021-11-04,广西,1
2021-11-04,陕西,1
2021-11-03,上海,8
2021-11-03,广东,3
2021-11-03,北京,1
2021-11-03,河南,1
2021-11-03,广西,1
2021-11-03,河北,81
2021-11-03,黑龙江,43
2021-11-02,上海,5
2021-11-02,广东,2
2021-11-02,福建,1
2021-11-02,河北,90
2021-11-02,黑龙江,16
2021-11-02,山西,1
2021-11-01,上海,4
2021-11-01,辽宁,3
2021-11-01,天津,2
2021-11-01,福建,1
2021-11-01,河南,1
2021-11-01,广东,1
2021-11-01,陕西,1
2021-11-01,河北,40
2021-11-01,北京,1
2021-11-01,黑龙江,1
2021-01-10,广东,7
2021-01-10,辽宁,4
2021-01-10,天津,2
2021-01-10,上海,2
2021-01-10,福建,1
2021-01-10,云南,1
2021-01-10,陕西,1
2021-01-10,河北,82
2021-01-10,辽宁,2
2021-01-10,北京,1
2021-01-09,福建,6
2021-01-09,天津,4
2021-01-09,上海,4
2021-01-09,辽宁,2
2021-01-09,浙江,2
2021-01-09,山西,1
2021-01-09,广东,1
2021-01-09,陕西,1
2021-01-09,河北,46
2021-01-09,北京,1
2021-01-09,辽宁,1
2021-01-08,上海,7
2021-01-08,辽宁,4
2021-01-08,广东,2
2021-01-08,江苏,1
2021-01-08,福建,1
2021-01-08,山东,1
2021-01-08,河北,14
2021-01-08,辽宁,3
2021-01-07,上海,8
2021-01-07,广东,3
2021-01-07,辽宁,1
2021-01-07,江苏,1
2021-01-07,福建,1
2021-01-07,河南,1
2021-01-07,湖南,1
2021-01-07,河北,33
2021-01-07,辽宁,2
2021-01-07,北京,1
2021-01-07,黑龙江,1
2021-01-06,上海,5
2021-01-06,河北,2
2021-01-06,广东,2
2021-01-06,陕西,2
2021-01-06,河北,51
2021-01-06,辽宁,1
2021-01-05,广东,3
2021-01-05,陕西,3
2021-01-05,上海,2
2021-01-05,天津,1
2021-01-05,河北,20
2021-01-05,北京,1
2021-01-05,辽宁,1
2021-01-05,黑龙江,1
2021-01-04,上海,6
2021-01-04,广东,4
2021-01-04,天津,1
2021-01-04,辽宁,1
2021-01-04,江苏,1
2021-01-04,福建,1
2021-01-04,河南,1
2021-01-04,四川,1
2021-01-04,河北,14
2021-01-04,辽宁,2
2021-01-04,北京,1
2021-01-03,陕西,6
2021-01-03,上海,4
2021-01-03,四川,3
2021-01-03,广东,2
2021-01-03,天津,1
2021-01-03,山西,1
2021-01-03,内蒙古,1
2021-01-03,辽宁,1
2021-01-03,福建,1
2021-01-03,辽宁,6
2021-01-03,河北,4
2021-01-03,北京,2
2021-01-03,黑龙江,1
2021-01-02,上海,6
2021-01-02,福建,2
2021-01-02,广东,2
2021-01-02,陕西,2
2021-01-02,北京,1
2021-01-02,天津,1
2021-01-02,内蒙古,1
2021-01-02,辽宁,1
2021-01-02,黑龙江,4
2021-01-02,辽宁,2
2021-01-02,北京,1
2021-01-02,河北,1
2021-01-01,上海,4
2021-01-01,天津,3
2021-01-01,广东,3
2021-01-01,辽宁,1
2021-01-01,福建,1
2021-01-01,山东,1
2021-01-01,陕西,1
2021-01-01,辽宁,7
2021-01-01,北京,1
2020-12-31,上海,5
2020-12-31,广东,2
2020-12-31,福建,1
2020-12-31,云南,1
2020-12-31,陕西,1
2020-12-31,北京,5
2020-12-31,辽宁,4
2020-12-30,上海,6
2020-12-30,内蒙古,3
2020-12-30,广东,3
2020-12-30,四川,2
2020-12-30,福建,1
2020-12-30,陕西,1
2020-12-30,辽宁,5
2020-12-30,北京,2
2020-12-30,黑龙江,2
2020-12-29,上海,7
2020-12-29,天津,3
2020-12-29,内蒙古,2
2020-12-29,福建,2
2020-12-29,浙江,1
2020-12-29,山东,1
2020-12-29,广东,1
2020-12-29,辽宁,5
2020-12-29,北京,1
2020-12-29,黑龙江,1
2020-12-28,上海,4
2020-12-28,四川,3
2020-12-28,天津,1
2020-12-28,内蒙古,1
2020-12-28,福建,1
2020-12-28,河南,1
2020-12-28,广东,1
2020-12-28,辽宁,8
2020-12-28,北京,7
2020-12-27,内蒙古,6
2020-12-27,浙江,3
2020-12-27,上海,2
2020-12-27,北京,1
2020-12-27,天津,1
2020-12-27,广东,1
2020-12-27,四川,1
2020-12-26,上海,4
2020-12-26,北京,3
2020-12-26,浙江,2
2020-12-26,安徽,1
2020-12-26,辽宁,7
2020-12-26,北京,5
2020-12-25,上海,5
2020-12-25,云南,2
2020-12-25,福建,1
2020-12-25,湖南,1
2020-12-25,广东,1
2020-12-25,四川,1
2020-12-25,陕西,1
2020-12-25,辽宁,6
2020-12-25,北京,2
2020-12-24,上海,4
2020-12-24,辽宁,1
2020-12-24,广东,1
2020-12-24,四川,1
2020-12-23,上海,6
2020-12-23,四川,2
2020-12-23,辽宁,1
2020-12-23,河南,1
2020-12-23,广东,1
2020-12-22,上海,12
2020-12-22,浙江,1
2020-12-22,广东,1
2020-12-21,上海,6
2020-12-21,广东,3
2020-12-21,内蒙古,2
2020-12-21,四川,2
2020-12-20,上海,8
2020-12-20,内蒙古,6
2020-12-20,广东,3
2020-12-20,福建,2
2020-12-20,山西,1
2020-12-20,四川,1
2020-12-20,辽宁,1
2020-12-20,黑龙江,1
2020-12-19,上海,11
2020-12-19,北京,2
2020-12-19,内蒙古,2
2020-12-19,陕西,2
2020-12-19,浙江,1
2020-12-19,福建,1
2020-12-19,河南,1
2020-12-19,广东,1
2020-12-19,四川,1
2020-12-18,上海,8
2020-12-18,山东,2
2020-12-18,天津,1
2020-12-18,浙江,1
2020-12-18,福建,1
2020-12-18,广东,1
2020-12-18,北京,2
2020-12-18,辽宁,1
2020-12-17,上海,4
2020-12-17,广东,4
2020-12-17,山西,1
2020-12-17,河南,1
2020-12-17,云南,1
2020-12-16,上海,6
2020-12-16,广东,1
2020-12-15,上海,3
2020-12-15,广东,3
2020-12-15,云南,2
2020-12-15,北京,1
2020-12-15,天津,1
2020-12-15,福建,1
2020-12-15,山东,1
2020-12-14,四川,5
2020-12-14,内蒙古,4
2020-12-14,上海,3
2020-12-14,北京,1
2020-12-14,广东,1
2020-12-14,黑龙江,2
2020-12-14,四川,1
2020-12-13,上海,7
2020-12-13,四川,3
2020-12-13,北京,1
2020-12-13,内蒙古,1
2020-12-13,浙江,1
2020-12-13,广东,1
2020-12-12,上海,10
2020-12-12,北京,2
2020-12-12,四川,2
2020-12-12,黑龙江,1
2020-12-12,江苏,1
2020-12-12,山东,1
2020-12-12,广东,1
2020-12-12,云南,1
2020-12-12,黑龙江,4
2020-12-12,四川,1
2020-12-11,上海,5
2020-12-11,江苏,2
2020-12-11,广东,2
2020-12-11,天津,1
2020-12-11,浙江,1
2020-12-11,福建,1
2020-12-11,云南,1
2020-12-10,上海,5
2020-12-10,广东,3
2020-12-10,云南,1
2020-12-10,四川,4
2020-12-10,黑龙江,2
2020-12-09,上海,9
2020-12-09,福建,1
2020-12-09,广东,1
2020-12-08,上海,6
2020-12-08,广东,2
2020-12-08,江苏,1
2020-12-08,广西,1
2020-12-08,四川,1
2020-12-07,上海,4
2020-12-07,广东,3
2020-12-07,四川,3
2020-12-06,上海,7
2020-12-06,广东,2
2020-12-06,浙江,1
2020-12-06,福建,1
2020-12-06,云南,1
2020-12-05,上海,6
2020-12-05,福建,6
2020-12-05,广东,2
2020-12-05,四川,1
2020-12-05,云南,1
2020-12-05,陕西,1
2020-12-04,上海,3
2020-12-04,河南,3
2020-12-04,广东,3
2020-12-04,四川,3
2020-12-04,北京,1
2020-12-04,山西,1
2020-12-04,福建,1
2020-12-03,上海,9
2020-12-03,福建,2
2020-12-03,河南,2
2020-12-03,山东,1
2020-12-03,广东,1
2020-12-02,上海,8
2020-12-02,广东,4
2020-12-02,山东,2
2020-12-02,湖北,1
2020-12-02,陕西,1
2020-12-01,广东,3
2020-12-01,上海,1
2020-12-01,福建,1
2020-12-01,河南,1
2020-12-01,陕西,1
2020-11-30,上海,2
2020-11-30,福建,2
2020-11-30,四川,2
2020-11-30,北京,1
2020-11-30,陕西,1
2020-11-29,上海,5
2020-11-29,山东,5
2020-11-29,四川,3
2020-11-29,山西,1
2020-11-29,广东,1
2020-11-28,福建,4
2020-11-28,上海,3
2020-11-28,四川,1
2020-11-28,云南,1
2020-11-28,陕西,1
2020-11-28,甘肃,1
2020-11-27,福建,2
2020-11-27,天津,1
2020-11-27,浙江,1
2020-11-27,四川,1
2020-11-27,云南,1
2020-11-26,上海,3
2020-11-26,福建,1
2020-11-26,陕西,1
2020-11-25,上海,5
2020-11-25,广东,4
2020-11-25,江苏,1
2020-11-25,福建,1
2020-11-25,四川,1
2020-11-24,上海,2
2020-11-24,福建,1
2020-11-24,广东,1
2020-11-24,陕西,1
2020-11-23,福建,4
2020-11-23,广东,4
2020-11-23,上海,3
2020-11-23,四川,3
2020-11-23,江苏,2
2020-11-23,陕西,2
2020-11-23,内蒙古,1
2020-11-23,河南,1
2020-11-23,天津,1
2020-11-23,上海,1
2020-11-22,广东,4
2020-11-22,北京,1
2020-11-22,天津,1
2020-11-22,上海,1
2020-11-22,福建,1
2020-11-22,陕西,1
2020-11-21,福建,4
2020-11-21,上海,3
2020-11-21,陕西,2
2020-11-21,北京,1
2020-11-21,天津,1
2020-11-21,浙江,1
2020-11-21,广西,1
2020-11-21,四川,1
2020-11-21,内蒙古,2
2020-11-21,上海,1
2020-11-20,天津,5
2020-11-20,上海,2
2020-11-19,福建,6
2020-11-19,上海,4
2020-11-19,陕西,3
2020-11-19,广东,2
2020-11-19,北京,1
2020-11-19,四川,1
2020-11-18,四川,3
2020-11-18,福建,2
2020-11-18,广西,2
2020-11-18,内蒙古,1
2020-11-18,上海,1
2020-11-18,浙江,1
2020-11-18,广东,1
2020-11-18,重庆,1
2020-11-17,上海,4
2020-11-17,山西,1
2020-11-17,辽宁,1
2020-11-17,广东,1
2020-11-16,四川,6
2020-11-16,上海,4
2020-11-16,广东,3
2020-11-16,天津,1
2020-11-16,山东,1
2020-11-15,四川,3
2020-11-15,广东,2
2020-11-15,山西,1
2020-11-15,江苏,1
2020-11-15,陕西,1
2020-11-14,广东,3
2020-11-14,云南,3
2020-11-14,天津,2
2020-11-14,陕西,2
2020-11-14,上海,1
2020-11-14,河南,1
2020-11-14,湖北,1
2020-11-13,广东,7
2020-11-13,上海,5
2020-11-13,天津,2
2020-11-13,辽宁,2
2020-11-13,福建,1
2020-11-13,陕西,1
2020-11-12,上海,3
2020-11-12,内蒙古,1
2020-11-12,河南,1
2020-11-12,四川,1
2020-11-12,陕西,1
2020-11-12,甘肃,1
2020-11-11,上海,4
2020-11-11,四川,4
2020-11-11,陕西,2
2020-11-11,天津,1
2020-11-11,内蒙古,1
2020-11-11,福建,1
2020-11-11,广东,1
2020-11-10,天津,6
2020-11-10,上海,5
2020-11-10,四川,2
2020-11-10,辽宁,1
2020-11-10,江苏,1
2020-11-10,陕西,1
2020-11-09,广东,6
2020-11-09,上海,4
2020-11-09,福建,3
2020-11-09,四川,3
2020-11-09,北京,2
2020-11-09,天津,1
2020-11-09,浙江,1
2020-11-09,陕西,1
2020-11-08,上海,13
2020-11-08,陕西,6
2020-11-08,广东,4
2020-11-08,四川,4
2020-11-08,内蒙古,2
2020-11-08,山西,1
2020-11-08,辽宁,1
2020-11-08,江苏,1
2020-11-07,陕西,9
2020-11-07,上海,7
2020-11-07,湖北,4
2020-11-07,浙江,2
2020-11-07,广东,2
2020-11-07,四川,2
2020-11-07,山西,1
2020-11-07,福建,1
2020-11-06,上海,11
2020-11-06,福建,9
2020-11-06,四川,4
2020-11-06,陕西,4
2020-11-06,内蒙古,3
2020-11-06,广东,2
2020-11-05,上海,15
2020-11-05,广东,3
2020-11-05,天津,2
2020-11-05,内蒙古,2
2020-11-05,福建,2
2020-11-05,四川,2
2020-11-05,山西,1
2020-11-05,辽宁,1
2020-11-05,浙江,1
2020-11-05,云南,1
2020-11-04,上海,8
2020-11-04,四川,4
2020-11-04,陕西,3
2020-11-04,河南,2
2020-11-04,北京,1
2020-11-04,内蒙古,1
2020-11-04,福建,1
2020-11-04,上海,2
2020-11-04,内蒙古,1
2020-11-03,上海,4
2020-11-03,广东,3
2020-11-03,四川,3
2020-11-03,内蒙古,2
2020-11-03,福建,2
2020-11-03,陕西,1
